partnerCode,cmdCode,flowCode,period,primaryValue,cifvalue,fobvalue,netWgt,grossWgt,qty,altQty,typeCode,freqCode,refPeriodId,refYear,refMonth,reporterCode,reporterISO,reporterDesc,flowDesc,partnerISO,partnerDesc,partner2Code,partner2ISO,partner2Desc,classificationCode,classificationSearchCode,isOriginalClassification,cmdDesc,aggrLevel,isLeaf,customsCode,customsDesc,mosCode,motCode,motDesc,qtyUnitCode,qtyUnitAbbr,isQtyEstimated,altQtyUnitCode,altQtyUnitAbbr,isAltQtyEstimated,isNetWgtEstimated,isGrossWgtEstimated,legacyEstimationFlag,isReported,isAggregate,brent_crude_mean,brent_crude_yoy_pct,eurinr_mean,eurinr_vol_std,eurinr_year_end,gbpinr_mean,gbpinr_vol_std,gbpinr_year_end,gold_futures_mean,gold_futures_yoy_pct,jpyinr_mean,jpyinr_vol_std,jpyinr_year_end,nifty_50_mean,nifty_50_yoy_pct,sensex_mean,sensex_yoy_pct,usdinr_mean,usdinr_vol_std,usdinr_year_end,policy_event_flag,primaryValue_lag_1y,primaryValue_lag_3y,primaryValue_lag_5y,primaryValue_rolling_3y_mean,primaryValue_rolling_5y_mean,primaryValue_yoy_growth_rate,netWgt_lag_1y,netWgt_rolling_3y_mean,unit_value,value_vs_3y_mean,wgt_vs_3y_mean,anomaly_pred,anomaly_score
156,85,M,2015,19352567577.0,19352567577.0,0.0,0.0,0.0,0.0,0.0,C,A,20150101,2015,52,699,,,,CHN,China,0,,,H4,HS,True,,,,C00,,0,0,,-1,,False,-1,,False,False,False,0,True,False,53.502261752174014,,71.1216953029121,2.3034035757423967,72.58999633789062,98.0149883401805,3.171270455557014,98.43000030517578,1158.8436502123636,,0.5293063215369009,0.01291713039100009,0.5510900020599365,8283.3866807281,,27349.398301977042,,64.12445996456219,1.6290511382706192,66.45500183105469,0,,,,,,,,,19352567577.0,19352567577.0,0.0,-1,0.15060052954730285
842,27,M,2024,12287567749.72,12287567749.72,0.0,0.0,0.0,0.0,0.0,C,A,20240101,2024,52,699,,,,USA,USA,0,,,H6,HS,True,,,,C00,,0,0,,-1,,False,-1,,False,True,False,4,False,True,79.8213096194797,-2.8824868212292354,90.37742212892489,1.379103718282367,88.89199829101562,106.95018267449532,2.0577728939917295,107.63943481445312,2390.006343296596,23.020601040022683,0.5515179845667978,0.018563966771229647,0.5440160036087036,23493.810340447155,24.30198613328052,77296.5194515306,21.456832400224624,83.67036295301132,0.5804118205430948,85.7865982055664,0,3573.855,15406460877.422,8254509392.792,12030361117.986002,10239629082.303001,3438182.0683449665,0.0,0.0,12287567749.72,1.0213797931094073,0.0,-1,0.1465451085217112
682,27,M,2015,16347779353.0,16347779353.0,0.0,0.0,0.0,0.0,0.0,C,A,20150101,2015,52,699,,,,SAU,Saudi Arabia,0,,,H4,HS,True,,,,C00,,0,0,,-1,,False,-1,,False,False,False,0,True,False,53.502261752174014,,71.1216953029121,2.3034035757423967,72.58999633789062,98.0149883401805,3.171270455557014,98.43000030517578,1158.8436502123636,,0.5293063215369009,0.01291713039100009,0.5510900020599365,8283.3866807281,,27349.398301977042,,64.12445996456219,1.6290511382706192,66.45500183105469,0,,,,,,,,,16347779353.0,16347779353.0,0.0,-1,0.14490633452779922
784,71,X,2015,12302676030.0,0.0,12302676030.0,0.0,0.0,0.0,0.0,C,A,20150101,2015,52,699,,,,ARE,United Arab Emirates,0,,,H4,HS,True,,,,C00,,0,0,,-1,,False,-1,,False,False,False,0,True,False,53.502261752174014,,71.1216953029121,2.3034035757423967,72.58999633789062,98.0149883401805,3.171270455557014,98.43000030517578,1158.8436502123636,,0.5293063215369009,0.01291713039100009,0.5510900020599365,8283.3866807281,,27349.398301977042,,64.12445996456219,1.6290511382706192,66.45500183105469,0,,,,,,,,,12302676030.0,12302676030.0,0.0,-1,0.14328683789424002
344,71,X,2015,10918346877.0,0.0,10918346877.0,0.0,0.0,0.0,0.0,C,A,20150101,2015,52,699,,,,HKG,Hong Kong,0,,,H4,HS,True,,,,C00,,0,0,,-1,,False,-1,,False,False,False,0,True,False,53.502261752174014,,71.1216953029121,2.3034035757423967,72.58999633789062,98.0149883401805,3.171270455557014,98.43000030517578,1158.8436502123636,,0.5293063215369009,0.01291713039100009,0.5510900020599365,8283.3866807281,,27349.398301977042,,64.12445996456219,1.6290511382706192,66.45500183105469,0,,,,,,,,,10918346877.0,10918346877.0,0.0,-1,0.14005768953025588
368,27,M,2015,11239106374.0,11239106374.0,0.0,0.0,0.0,0.0,0.0,C,A,20150101,2015,52,699,,,,IRQ,Iraq,0,,,H4,HS,True,,,,C00,,0,0,,-1,,False,-1,,False,False,False,0,True,False,53.502261752174014,,71.1216953029121,2.3034035757423967,72.58999633789062,98.0149883401805,3.171270455557014,98.43000030517578,1158.8436502123636,,0.5293063215369009,0.01291713039100009,0.5510900020599365,8283.3866807281,,27349.398301977042,,64.12445996456219,1.6290511382706192,66.45500183105469,0,,,,,,,,,11239106374.0,11239106374.0,0.0,-1,0.14005768953025588
156,84,M,2015,10584537987.0,10584537987.0,0.0,0.0,0.0,0.0,0.0,C,A,20150101,2015,52,699,,,,CHN,China,0,,,H4,HS,True,,,,C00,,0,0,,-1,,False,-1,,False,False,False,0,True,False,53.502261752174014,,71.1216953029121,2.3034035757423967,72.58999633789062,98.0149883401805,3.171270455557014,98.43000030517578,1158.8436502123636,,0.5293063215369009,0.01291713039100009,0.5510900020599365,8283.3866807281,,27349.398301977042,,64.12445996456219,1.6290511382706192,66.45500183105469,0,,,,,,,,,10584537987.0,10584537987.0,0.0,-1,0.14005768953025588
784,27,M,2015,8545251187.0,8545251187.0,0.0,0.0,0.0,0.0,0.0,C,A,20150101,2015,52,699,,,,ARE,United Arab Emirates,0,,,H4,HS,True,,,,C00,,0,0,,-1,,False,-1,,False,False,False,0,True,False,53.502261752174014,,71.1216953029121,2.3034035757423967,72.58999633789062,98.0149883401805,3.171270455557014,98.43000030517578,1158.8436502123636,,0.5293063215369009,0.01291713039100009,0.5510900020599365,8283.3866807281,,27349.398301977042,,64.12445996456219,1.6290511382706192,66.45500183105469,0,,,,,,,,,8545251187.0,8545251187.0,0.0,-1,0.1337196419885941
842,71,X,2015,8161112935.0,0.0,8161112935.0,0.0,0.0,0.0,0.0,C,A,20150101,2015,52,699,,,,USA,USA,0,,,H4,HS,True,,,,C00,,0,0,,-1,,False,-1,,False,False,False,0,True,False,53.502261752174014,,71.1216953029121,2.3034035757423967,72.58999633789062,98.0149883401805,3.171270455557014,98.43000030517578,1158.8436502123636,,0.5293063215369009,0.01291713039100009,0.5510900020599365,8283.3866807281,,27349.398301977042,,64.12445996456219,1.6290511382706192,66.45500183105469,0,,,,,,,,,8161112935.0,8161112935.0,0.0,-1,0.13212282861572033
784,71,M,2015,8183893534.0,8183893534.0,0.0,0.0,0.0,0.0,0.0,C,A,20150101,2015,52,699,,,,ARE,United Arab Emirates,0,,,H4,HS,True,,,,C00,,0,0,,-1,,False,-1,,False,False,False,0,True,False,53.502261752174014,,71.1216953029121,2.3034035757423967,72.58999633789062,98.0149883401805,3.171270455557014,98.43000030517578,1158.8436502123636,,0.5293063215369009,0.01291713039100009,0.5510900020599365,8283.3866807281,,27349.398301977042,,64.12445996456219,1.6290511382706192,66.45500183105469,0,,,,,,,,,8183893534.0,8183893534.0,0.0,-1,0.13212282861572033
56,71,M,2015,6540542376.0,6540542376.0,0.0,0.0,0.0,0.0,0.0,C,A,20150101,2015,52,699,,,,BEL,Belgium,0,,,H4,HS,True,,,,C00,,0,0,,-1,,False,-1,,False,False,False,0,True,False,53.502261752174014,,71.1216953029121,2.3034035757423967,72.58999633789062,98.0149883401805,3.171270455557014,98.43000030517578,1158.8436502123636,,0.5293063215369009,0.01291713039100009,0.5510900020599365,8283.3866807281,,27349.398301977042,,64.12445996456219,1.6290511382706192,66.45500183105469,0,,,,,,,,,6540542376.0,6540542376.0,0.0,-1,0.1279812493539244
156,29,M,2015,6162354390.0,6162354390.0,0.0,0.0,0.0,0.0,0.0,C,A,20150101,2015,52,699,,,,CHN,China,0,,,H4,HS,True,,,,C00,,0,0,,-1,,False,-1,,False,False,False,0,True,False,53.502261752174014,,71.1216953029121,2.3034035757423967,72.58999633789062,98.0149883401805,3.171270455557014,98.43000030517578,1158.8436502123636,,0.5293063215369009,0.01291713039100009,0.5510900020599365,8283.3866807281,,27349.398301977042,,64.12445996456219,1.6290511382706192,66.45500183105469,0,,,,,,,,,6162354390.0,6162354390.0,0.0,-1,0.12376124859467019
360,27,M,2015,5663240634.0,5663240634.0,0.0,0.0,0.0,0.0,0.0,C,A,20150101,2015,52,699,,,,IDN,Indonesia,0,,,H4,HS,True,,,,C00,,0,0,,-1,,False,-1,,False,False,False,0,True,False,53.502261752174014,,71.1216953029121,2.3034035757423967,72.58999633789062,98.0149883401805,3.171270455557014,98.43000030517578,1158.8436502123636,,0.5293063215369009,0.01291713039100009,0.5510900020599365,8283.3866807281,,27349.398301977042,,64.12445996456219,1.6290511382706192,66.45500183105469,0,,,,,,,,,5663240634.0,5663240634.0,0.0,-1,0.12165979836072216
36,27,M,2015,5389049401.0,5389049401.0,0.0,0.0,0.0,0.0,0.0,C,A,20150101,2015,52,699,,,,AUS,Australia,0,,,H4,HS,True,,,,C00,,0,0,,-1,,False,-1,,False,False,False,0,True,False,53.502261752174014,,71.1216953029121,2.3034035757423967,72.58999633789062,98.0149883401805,3.171270455557014,98.43000030517578,1158.8436502123636,,0.5293063215369009,0.01291713039100009,0.5510900020599365,8283.3866807281,,27349.398301977042,,64.12445996456219,1.6290511382706192,66.45500183105469,0,,,,,,,,,5389049401.0,5389049401.0,0.0,-1,0.12139751674080634
842,30,X,2015,4742511970.0,0.0,4742511970.0,0.0,0.0,0.0,0.0,C,A,20150101,2015,52,699,,,,USA,USA,0,,,H4,HS,True,,,,C00,,0,0,,-1,,False,-1,,False,False,False,0,True,False,53.502261752174014,,71.1216953029121,2.3034035757423967,72.58999633789062,98.0149883401805,3.171270455557014,98.43000030517578,1158.8436502123636,,0.5293063215369009,0.01291713039100009,0.5510900020599365,8283.3866807281,,27349.398301977042,,64.12445996456219,1.6290511382706192,66.45500183105469,0,,,,,,,,,4742511970.0,4742511970.0,0.0,-1,0.11825704834690665
784,27,X,2015,4090941994.0,0.0,4090941994.0,0.0,0.0,0.0,0.0,C,A,20150101,2015,52,699,,,,ARE,United Arab Emirates,0,,,H4,HS,True,,,,C00,,0,0,,-1,,False,-1,,False,False,False,0,True,False,53.502261752174014,,71.1216953029121,2.3034035757423967,72.58999633789062,98.0149883401805,3.171270455557014,98.43000030517578,1158.8436502123636,,0.5293063215369009,0.01291713039100009,0.5510900020599365,8283.3866807281,,27349.398301977042,,64.12445996456219,1.6290511382706192,66.45500183105469,0,,,,,,,,,4090941994.0,4090941994.0,0.0,-1,0.11695227784827489
344,71,M,2015,4060836738.0,4060836738.0,0.0,0.0,0.0,0.0,0.0,C,A,20150101,2015,52,699,,,,HKG,Hong Kong,0,,,H4,HS,True,,,,C00,,0,0,,-1,,False,-1,,False,False,False,0,True,False,53.502261752174014,,71.1216953029121,2.3034035757423967,72.58999633789062,98.0149883401805,3.171270455557014,98.43000030517578,1158.8436502123636,,0.5293063215369009,0.01291713039100009,0.5510900020599365,8283.3866807281,,27349.398301977042,,64.12445996456219,1.6290511382706192,66.45500183105469,0,,,,,,,,,4060836738.0,4060836738.0,0.0,-1,0.11643098728823542
276,84,M,2015,3538651174.0,3538651174.0,0.0,0.0,0.0,0.0,0.0,C,A,20150101,2015,52,699,,,,DEU,Germany,0,,,H4,HS,True,,,,C00,,0,0,,-1,,False,-1,,False,False,False,0,True,False,53.502261752174014,,71.1216953029121,2.3034035757423967,72.58999633789062,98.0149883401805,3.171270455557014,98.43000030517578,1158.8436502123636,,0.5293063215369009,0.01291713039100009,0.5510900020599365,8283.3866807281,,27349.398301977042,,64.12445996456219,1.6290511382706192,66.45500183105469,0,,,,,,,,,3538651174.0,3538651174.0,0.0,-1,0.11227333563255215
360,15,M,2015,3697459816.0,3697459816.0,0.0,0.0,0.0,0.0,0.0,C,A,20150101,2015,52,699,,,,IDN,Indonesia,0,,,H4,HS,True,,,,C00,,0,0,,-1,,False,-1,,False,False,False,0,True,False,53.502261752174014,,71.1216953029121,2.3034035757423967,72.58999633789062,98.0149883401805,3.171270455557014,98.43000030517578,1158.8436502123636,,0.5293063215369009,0.01291713039100009,0.5510900020599365,8283.3866807281,,27349.398301977042,,64.12445996456219,1.6290511382706192,66.45500183105469,0,,,,,,,,,3697459816.0,3697459816.0,0.0,-1,0.11227333563255215
156,31,M,2015,3530375528.0,3530375528.0,0.0,0.0,0.0,0.0,0.0,C,A,20150101,2015,52,699,,,,CHN,China,0,,,H4,HS,True,,,,C00,,0,0,,-1,,False,-1,,False,False,False,0,True,False,53.502261752174014,,71.1216953029121,2.3034035757423967,72.58999633789062,98.0149883401805,3.171270455557014,98.43000030517578,1158.8436502123636,,0.5293063215369009,0.01291713039100009,0.5510900020599365,8283.3866807281,,27349.398301977042,,64.12445996456219,1.6290511382706192,66.45500183105469,0,,,,,,,,,3530375528.0,3530375528.0,0.0,-1,0.11227333563255215
842,71,M,2015,3454221241.0,3454221241.0,0.0,0.0,0.0,0.0,0.0,C,A,20150101,2015,52,699,,,,USA,USA,0,,,H4,HS,True,,,,C00,,0,0,,-1,,False,-1,,False,False,False,0,True,False,53.502261752174014,,71.1216953029121,2.3034035757423967,72.58999633789062,98.0149883401805,3.171270455557014,98.43000030517578,1158.8436502123636,,0.5293063215369009,0.01291713039100009,0.5510900020599365,8283.3866807281,,27349.398301977042,,64.12445996456219,1.6290511382706192,66.45500183105469,0,,,,,,,,,3454221241.0,3454221241.0,0.0,-1,0.11123743422596999
156,29,M,2024,11124828936.014,11124828936.014,0.0,0.0,0.0,0.0,0.0,C,A,20240101,2024,52,699,,,,CHN,China,0,,,H6,HS,True,,,,C00,,0,0,,-1,,False,-1,,False,True,False,4,False,True,79.8213096194797,-2.8824868212292354,90.37742212892489,1.379103718282367,88.89199829101562,106.95018267449532,2.0577728939917295,107.63943481445312,2390.006343296596,23.020601040022683,0.5515179845667978,0.018563966771229647,0.5440160036087036,23493.810340447155,24.30198613328052,77296.5194515306,21.456832400224624,83.67036295301132,0.5804118205430948,85.7865982055664,0,3741209.99,11863208814.146,8232331708.172,8473288242.970333,8370078635.101199,2972.591155201101,0.0,0.0,11124828936.014,1.312929363077369,0.0,-1,0.11036580921553574
368,85,M,2022,300449100.976,300449100.976,0.0,0.0,0.0,0.0,0.0,C,A,20220101,2022,52,699,,,,IRQ,Iraq,0,,,H6,HS,True,,,,C00,,0,0,,-1,,False,-1,,False,True,False,4,False,True,98.96633461272098,39.479945542058225,82.59736524728628,2.224020515218701,88.22100067138672,97.03307958749625,3.3910504371003816,99.90866088867188,1800.0681269064366,0.13345511665714405,0.5993327853771356,0.031975679177647355,0.6217989921569824,17245.430463237146,7.603968375822823,57842.490328881046,7.4857057431337415,78.57705098665677,2.7095097619451263,82.83509826660156,1,574.244,4014.342,40847.0,3526.0796666666665,10845.1164,523207.08049539913,0.0,0.0,300449100.976,85207.6893827035,0.0,-1,0.10925151011142398
276,47,X,2022,712739.838,0.0,712739.838,0.0,0.0,0.0,0.0,C,A,20220101,2022,52,699,,,,DEU,Germany,0,,,H6,HS,True,,,,C00,,0,0,,-1,,False,-1,,False,True,False,4,False,True,98.96633461272098,39.479945542058225,82.59736524728628,2.224020515218701,88.22100067138672,97.03307958749625,3.3910504371003816,99.90866088867188,1800.0681269064366,0.13345511665714405,0.5993327853771356,0.031975679177647355,0.6217989921569824,17245.430463237146,7.603968375822823,57842.490328881046,7.4857057431337415,78.57705098665677,2.7095097619451263,82.83509826660156,1,1.001,4410.041,,1776.9750000000001,2139.4812500000003,712026.8101898102,0.0,0.0,712739.838,401.0972793652133,0.0,-1,0.10507870117333207
702,27,X,2015,2967465591.0,0.0,2967465591.0,0.0,0.0,0.0,0.0,C,A,20150101,2015,52,699,,,,SGP,Singapore,0,,,H4,HS,True,,,,C00,,0,0,,-1,,False,-1,,False,False,False,0,True,False,53.502261752174014,,71.1216953029121,2.3034035757423967,72.58999633789062,98.0149883401805,3.171270455557014,98.43000030517578,1158.8436502123636,,0.5293063215369009,0.01291713039100009,0.5510900020599365,8283.3866807281,,27349.398301977042,,64.12445996456219,1.6290511382706192,66.45500183105469,0,,,,,,,,,2967465591.0,2967465591.0,0.0,-1,0.10457619143084862
842,84,M,2015,2974164286.0,2974164286.0,0.0,0.0,0.0,0.0,0.0,C,A,20150101,2015,52,699,,,,USA,USA,0,,,H4,HS,True,,,,C00,,0,0,,-1,,False,-1,,False,False,False,0,True,False,53.502261752174014,,71.1216953029121,2.3034035757423967,72.58999633789062,98.0149883401805,3.171270455557014,98.43000030517578,1158.8436502123636,,0.5293063215369009,0.01291713039100009,0.5510900020599365,8283.3866807281,,27349.398301977042,,64.12445996456219,1.6290511382706192,66.45500183105469,0,,,,,,,,,2974164286.0,2974164286.0,0.0,-1,0.10457619143084862
156,76,M,2024,1815122884.663,1815122884.663,0.0,0.0,0.0,0.0,0.0,C,A,20240101,2024,52,699,,,,CHN,China,0,,,H6,HS,True,,,,C00,,0,0,,-1,,False,-1,,False,True,False,4,False,True,79.8213096194797,-2.8824868212292354,90.37742212892489,1.379103718282367,88.89199829101562,106.95018267449532,2.0577728939917295,107.63943481445312,2390.006343296596,23.020601040022683,0.5515179845667978,0.018563966771229647,0.5440160036087036,23493.810340447155,24.30198613328052,77296.5194515306,21.456832400224624,83.67036295301132,0.5804118205430948,85.7865982055664,0,17.566,978448679.653,1037514749.462,783456653.2989999,811761077.216,103331598.94665833,0.0,0.0,1815122884.663,2.3168134152921325,0.0,-1,0.10223953202902258
156,82,M,2025,677421120.062,677421120.062,0.0,0.0,0.0,0.0,0.0,C,A,20250101,2025,52,699,,,,CHN,China,0,,,H6,HS,True,,,,C00,,0,0,,-1,,False,-1,,False,False,False,0,False,True,,,,,,,,,,,,,,,,,,,,,1,38.265,502707904.357,325981085.587,167572054.67433333,262461385.5326,17703412.56492879,0.0,0.0,677421120.062,4.042566174763024,0.0,-1,0.09948938679290975
410,85,M,2015,2739496394.0,2739496394.0,0.0,0.0,0.0,0.0,0.0,C,A,20150101,2015,52,699,,,,KOR,South Korea,0,,,H4,HS,True,,,,C00,,0,0,,-1,,False,-1,,False,False,False,0,True,False,53.502261752174014,,71.1216953029121,2.3034035757423967,72.58999633789062,98.0149883401805,3.171270455557014,98.43000030517578,1158.8436502123636,,0.5293063215369009,0.01291713039100009,0.5510900020599365,8283.3866807281,,27349.398301977042,,64.12445996456219,1.6290511382706192,66.45500183105469,0,,,,,,,,,2739496394.0,2739496394.0,0.0,-1,0.09940973036122325
458,15,M,2015,2403003907.0,2403003907.0,0.0,0.0,0.0,0.0,0.0,C,A,20150101,2015,52,699,,,,MYS,Malaysia,0,,,H4,HS,True,,,,C00,,0,0,,-1,,False,-1,,False,False,False,0,True,False,53.502261752174014,,71.1216953029121,2.3034035757423967,72.58999633789062,98.0149883401805,3.171270455557014,98.43000030517578,1158.8436502123636,,0.5293063215369009,0.01291713039100009,0.5510900020599365,8283.3866807281,,27349.398301977042,,64.12445996456219,1.6290511382706192,66.45500183105469,0,,,,,,,,,2403003907.0,2403003907.0,0.0,-1,0.09357209474614137
156,72,M,2015,2416389192.0,2416389192.0,0.0,0.0,0.0,0.0,0.0,C,A,20150101,2015,52,699,,,,CHN,China,0,,,H4,HS,True,,,,C00,,0,0,,-1,,False,-1,,False,False,False,0,True,False,53.502261752174014,,71.1216953029121,2.3034035757423967,72.58999633789062,98.0149883401805,3.171270455557014,98.43000030517578,1158.8436502123636,,0.5293063215369009,0.01291713039100009,0.5510900020599365,8283.3866807281,,27349.398301977042,,64.12445996456219,1.6290511382706192,66.45500183105469,0,,,,,,,,,2416389192.0,2416389192.0,0.0,-1,0.09357209474614137
56,71,X,2015,2314946339.0,0.0,2314946339.0,0.0,0.0,0.0,0.0,C,A,20150101,2015,52,699,,,,BEL,Belgium,0,,,H4,HS,True,,,,C00,,0,0,,-1,,False,-1,,False,False,False,0,True,False,53.502261752174014,,71.1216953029121,2.3034035757423967,72.58999633789062,98.0149883401805,3.171270455557014,98.43000030517578,1158.8436502123636,,0.5293063215369009,0.01291713039100009,0.5510900020599365,8283.3866807281,,27349.398301977042,,64.12445996456219,1.6290511382706192,66.45500183105469,0,,,,,,,,,2314946339.0,2314946339.0,0.0,-1,0.09306661754787737
842,63,X,2015,2308261538.0,0.0,2308261538.0,0.0,0.0,0.0,0.0,C,A,20150101,2015,52,699,,,,USA,USA,0,,,H4,HS,True,,,,C00,,0,0,,-1,,False,-1,,False,False,False,0,True,False,53.502261752174014,,71.1216953029121,2.3034035757423967,72.58999633789062,98.0149883401805,3.171270455557014,98.43000030517578,1158.8436502123636,,0.5293063215369009,0.01291713039100009,0.5510900020599365,8283.3866807281,,27349.398301977042,,64.12445996456219,1.6290511382706192,66.45500183105469,0,,,,,,,,,2308261538.0,2308261538.0,0.0,-1,0.09306661754787737
392,84,M,2015,2270175691.0,2270175691.0,0.0,0.0,0.0,0.0,0.0,C,A,20150101,2015,52,699,,,,JPN,Japan,0,,,H4,HS,True,,,,C00,,0,0,,-1,,False,-1,,False,False,False,0,True,False,53.502261752174014,,71.1216953029121,2.3034035757423967,72.58999633789062,98.0149883401805,3.171270455557014,98.43000030517578,1158.8436502123636,,0.5293063215369009,0.01291713039100009,0.5510900020599365,8283.3866807281,,27349.398301977042,,64.12445996456219,1.6290511382706192,66.45500183105469,0,,,,,,,,,2270175691.0,2270175691.0,0.0,-1,0.0925614822328985
842,62,X,2015,2101539339.0,0.0,2101539339.0,0.0,0.0,0.0,0.0,C,A,20150101,2015,52,699,,,,USA,USA,0,,,H4,HS,True,,,,C00,,0,0,,-1,,False,-1,,False,False,False,0,True,False,53.502261752174014,,71.1216953029121,2.3034035757423967,72.58999633789062,98.0149883401805,3.171270455557014,98.43000030517578,1158.8436502123636,,0.5293063215369009,0.01291713039100009,0.5510900020599365,8283.3866807281,,27349.398301977042,,64.12445996456219,1.6290511382706192,66.45500183105469,0,,,,,,,,,2101539339.0,2101539339.0,0.0,-1,0.09054435518347292
842,27,X,2015,2142375851.0,0.0,2142375851.0,0.0,0.0,0.0,0.0,C,A,20150101,2015,52,699,,,,USA,USA,0,,,H4,HS,True,,,,C00,,0,0,,-1,,False,-1,,False,False,False,0,True,False,53.502261752174014,,71.1216953029121,2.3034035757423967,72.58999633789062,98.0149883401805,3.171270455557014,98.43000030517578,1158.8436502123636,,0.5293063215369009,0.01291713039100009,0.5510900020599365,8283.3866807281,,27349.398301977042,,64.12445996456219,1.6290511382706192,66.45500183105469,0,,,,,,,,,2142375851.0,2142375851.0,0.0,-1,0.09054435518347292
704,02,X,2015,1953648203.0,0.0,1953648203.0,0.0,0.0,0.0,0.0,C,A,20150101,2015,52,699,,,,VNM,Vietnam,0,,,H4,HS,True,,,,C00,,0,0,,-1,,False,-1,,False,False,False,0,True,False,53.502261752174014,,71.1216953029121,2.3034035757423967,72.58999633789062,98.0149883401805,3.171270455557014,98.43000030517578,1158.8436502123636,,0.5293063215369009,0.01291713039100009,0.5510900020599365,8283.3866807281,,27349.398301977042,,64.12445996456219,1.6290511382706192,66.45500183105469,0,,,,,,,,,1953648203.0,1953648203.0,0.0,-1,0.0897893388387665
156,52,X,2015,1985255773.0,0.0,1985255773.0,0.0,0.0,0.0,0.0,C,A,20150101,2015,52,699,,,,CHN,China,0,,,H4,HS,True,,,,C00,,0,0,,-1,,False,-1,,False,False,False,0,True,False,53.502261752174014,,71.1216953029121,2.3034035757423967,72.58999633789062,98.0149883401805,3.171270455557014,98.43000030517578,1158.8436502123636,,0.5293063215369009,0.01291713039100009,0.5510900020599365,8283.3866807281,,27349.398301977042,,64.12445996456219,1.6290511382706192,66.45500183105469,0,,,,,,,,,1985255773.0,1985255773.0,0.0,-1,0.0897893388387665
842,84,X,2015,1948958767.0,0.0,1948958767.0,0.0,0.0,0.0,0.0,C,A,20150101,2015,52,699,,,,USA,USA,0,,,H4,HS,True,,,,C00,,0,0,,-1,,False,-1,,False,False,False,0,True,False,53.502261752174014,,71.1216953029121,2.3034035757423967,72.58999633789062,98.0149883401805,3.171270455557014,98.43000030517578,1158.8436502123636,,0.5293063215369009,0.01291713039100009,0.5510900020599365,8283.3866807281,,27349.398301977042,,64.12445996456219,1.6290511382706192,66.45500183105469,0,,,,,,,,,1948958767.0,1948958767.0,0.0,-1,0.0897893388387665
643,27,M,2022,33973884295.986,33973884295.986,0.0,0.0,0.0,0.0,0.0,C,A,20220101,2022,52,699,,,,RUS,Russian Federation,0,,,H6,HS,True,,,,C00,,0,0,,-1,,False,-1,,False,False,False,0,False,True,98.96633461272098,39.479945542058225,82.59736524728628,2.224020515218701,88.22100067138672,97.03307958749625,3.3910504371003816,99.90866088867188,1800.0681269064366,0.13345511665714405,0.5993327853771356,0.031975679177647355,0.6217989921569824,17245.430463237146,7.603968375822823,57842.490328881046,7.4857057431337415,78.57705098665677,2.7095097619451263,82.83509826660156,1,4668174475.723,2872957681.181,1990067665.465,3195491858.4006667,2756024837.8708,6.277766602912625,0.0,0.0,33973884295.986,10.631816884988034,0.0,-1,0.08904608832395056
156,35,M,2025,427520749.325,427520749.325,0.0,0.0,0.0,0.0,0.0,C,A,20250101,2025,52,699,,,,CHN,China,0,,,H6,HS,True,,,,C00,,0,0,,-1,,False,-1,,False,True,False,4,False,True,,,,,,,,,,,,,,,,,,,,,1,164.733,293374568.282,139454202.14,97791590.22199999,128287703.25139996,2595233.4055228764,0.0,0.0,427520749.325,4.371753730095509,0.0,-1,0.08857660407543977
682,27,X,2015,1860772174.0,0.0,1860772174.0,0.0,0.0,0.0,0.0,C,A,20150101,2015,52,699,,,,SAU,Saudi Arabia,0,,,H4,HS,True,,,,C00,,0,0,,-1,,False,-1,,False,False,False,0,True,False,53.502261752174014,,71.1216953029121,2.3034035757423967,72.58999633789062,98.0149883401805,3.171270455557014,98.43000030517578,1158.8436502123636,,0.5293063215369009,0.01291713039100009,0.5510900020599365,8283.3866807281,,27349.398301977042,,64.12445996456219,1.6290511382706192,66.45500183105469,0,,,,,,,,,1860772174.0,1860772174.0,0.0,-1,0.08702749204333515
410,72,M,2015,1840633152.0,1840633152.0,0.0,0.0,0.0,0.0,0.0,C,A,20150101,2015,52,699,,,,KOR,South Korea,0,,,H4,HS,True,,,,C00,,0,0,,-1,,False,-1,,False,False,False,0,True,False,53.502261752174014,,71.1216953029121,2.3034035757423967,72.58999633789062,98.0149883401805,3.171270455557014,98.43000030517578,1158.8436502123636,,0.5293063215369009,0.01291713039100009,0.5510900020599365,8283.3866807281,,27349.398301977042,,64.12445996456219,1.6290511382706192,66.45500183105469,0,,,,,,,,,1840633152.0,1840633152.0,0.0,-1,0.08652644133607701
784,62,X,2015,1818569094.0,0.0,1818569094.0,0.0,0.0,0.0,0.0,C,A,20150101,2015,52,699,,,,ARE,United Arab Emirates,0,,,H4,HS,True,,,,C00,,0,0,,-1,,False,-1,,False,False,False,0,True,False,53.502261752174014,,71.1216953029121,2.3034035757423967,72.58999633789062,98.0149883401805,3.171270455557014,98.43000030517578,1158.8436502123636,,0.5293063215369009,0.01291713039100009,0.5510900020599365,8283.3866807281,,27349.398301977042,,64.12445996456219,1.6290511382706192,66.45500183105469,0,,,,,,,,,1818569094.0,1818569094.0,0.0,-1,0.08627604308030024
344,78,X,2025,933850.055,0.0,933850.055,0.0,0.0,0.0,0.0,C,A,20250101,2025,52,699,,,,HKG,Hong Kong,0,,,H6,HS,True,,,,C00,,0,0,,-1,,False,-1,,False,False,False,0,False,True,,,,,,,,,,,,,,,,,,,,,1,13.55,294.922,,171.793,129.59475,68917.82324723247,0.0,0.0,933850.055,5435.902830732335,0.0,-1,0.08627308772314202
410,84,M,2015,1722153050.0,1722153050.0,0.0,0.0,0.0,0.0,0.0,C,A,20150101,2015,52,699,,,,KOR,South Korea,0,,,H4,HS,True,,,,C00,,0,0,,-1,,False,-1,,False,False,False,0,True,False,53.502261752174014,,71.1216953029121,2.3034035757423967,72.58999633789062,98.0149883401805,3.171270455557014,98.43000030517578,1158.8436502123636,,0.5293063215369009,0.01291713039100009,0.5510900020599365,8283.3866807281,,27349.398301977042,,64.12445996456219,1.6290511382706192,66.45500183105469,0,,,,,,,,,1722153050.0,1722153050.0,0.0,-1,0.08427590360184956
784,61,X,2015,1642374589.0,0.0,1642374589.0,0.0,0.0,0.0,0.0,C,A,20150101,2015,52,699,,,,ARE,United Arab Emirates,0,,,H4,HS,True,,,,C00,,0,0,,-1,,False,-1,,False,False,False,0,True,False,53.502261752174014,,71.1216953029121,2.3034035757423967,72.58999633789062,98.0149883401805,3.171270455557014,98.43000030517578,1158.8436502123636,,0.5293063215369009,0.01291713039100009,0.5510900020599365,8283.3866807281,,27349.398301977042,,64.12445996456219,1.6290511382706192,66.45500183105469,0,,,,,,,,,1642374589.0,1642374589.0,0.0,-1,0.08402626655882528
458,27,M,2015,1673017010.0,1673017010.0,0.0,0.0,0.0,0.0,0.0,C,A,20150101,2015,52,699,,,,MYS,Malaysia,0,,,H4,HS,True,,,,C00,,0,0,,-1,,False,-1,,False,False,False,0,True,False,53.502261752174014,,71.1216953029121,2.3034035757423967,72.58999633789062,98.0149883401805,3.171270455557014,98.43000030517578,1158.8436502123636,,0.5293063215369009,0.01291713039100009,0.5510900020599365,8283.3866807281,,27349.398301977042,,64.12445996456219,1.6290511382706192,66.45500183105469,0,,,,,,,,,1673017010.0,1673017010.0,0.0,-1,0.08402626655882528
842,61,X,2015,1672837481.0,0.0,1672837481.0,0.0,0.0,0.0,0.0,C,A,20150101,2015,52,699,,,,USA,USA,0,,,H4,HS,True,,,,C00,,0,0,,-1,,False,-1,,False,False,False,0,True,False,53.502261752174014,,71.1216953029121,2.3034035757423967,72.58999633789062,98.0149883401805,3.171270455557014,98.43000030517578,1158.8436502123636,,0.5293063215369009,0.01291713039100009,0.5510900020599365,8283.3866807281,,27349.398301977042,,64.12445996456219,1.6290511382706192,66.45500183105469,0,,,,,,,,,1672837481.0,1672837481.0,0.0,-1,0.08402626655882528
826,71,M,2015,1581380613.0,1581380613.0,0.0,0.0,0.0,0.0,0.0,C,A,20150101,2015,52,699,,,,GBR,United Kingdom,0,,,H4,HS,True,,,,C00,,0,0,,-1,,False,-1,,False,False,False,0,True,False,53.502261752174014,,71.1216953029121,2.3034035757423967,72.58999633789062,98.0149883401805,3.171270455557014,98.43000030517578,1158.8436502123636,,0.5293063215369009,0.01291713039100009,0.5510900020599365,8283.3866807281,,27349.398301977042,,64.12445996456219,1.6290511382706192,66.45500183105469,0,,,,,,,,,1581380613.0,1581380613.0,0.0,-1,0.08327786193284825
392,72,M,2015,1602682241.0,1602682241.0,0.0,0.0,0.0,0.0,0.0,C,A,20150101,2015,52,699,,,,JPN,Japan,0,,,H4,HS,True,,,,C00,,0,0,,-1,,False,-1,,False,False,False,0,True,False,53.502261752174014,,71.1216953029121,2.3034035757423967,72.58999633789062,98.0149883401805,3.171270455557014,98.43000030517578,1158.8436502123636,,0.5293063215369009,0.01291713039100009,0.5510900020599365,8283.3866807281,,27349.398301977042,,64.12445996456219,1.6290511382706192,66.45500183105469,0,,,,,,,,,1602682241.0,1602682241.0,0.0,-1,0.08327786193284825
842,85,M,2015,1569411108.0,1569411108.0,0.0,0.0,0.0,0.0,0.0,C,A,20150101,2015,52,699,,,,USA,USA,0,,,H4,HS,True,,,,C00,,0,0,,-1,,False,-1,,False,False,False,0,True,False,53.502261752174014,,71.1216953029121,2.3034035757423967,72.58999633789062,98.0149883401805,3.171270455557014,98.43000030517578,1158.8436502123636,,0.5293063215369009,0.01291713039100009,0.5510900020599365,8283.3866807281,,27349.398301977042,,64.12445996456219,1.6290511382706192,66.45500183105469,0,,,,,,,,,1569411108.0,1569411108.0,0.0,-1,0.08327786193284825
156,39,M,2015,1613032773.0,1613032773.0,0.0,0.0,0.0,0.0,0.0,C,A,20150101,2015,52,699,,,,CHN,China,0,,,H4,HS,True,,,,C00,,0,0,,-1,,False,-1,,False,False,False,0,True,False,53.502261752174014,,71.1216953029121,2.3034035757423967,72.58999633789062,98.0149883401805,3.171270455557014,98.43000030517578,1158.8436502123636,,0.5293063215369009,0.01291713039100009,0.5510900020599365,8283.3866807281,,27349.398301977042,,64.12445996456219,1.6290511382706192,66.45500183105469,0,,,,,,,,,1613032773.0,1613032773.0,0.0,-1,0.08327786193284825
156,48,M,2024,857156854.693,857156854.693,0.0,0.0,0.0,0.0,0.0,C,A,20240101,2024,52,699,,,,CHN,China,0,,,H6,HS,True,,,,C00,,0,0,,-1,,False,-1,,False,True,False,4,False,True,79.8213096194797,-2.8824868212292354,90.37742212892489,1.379103718282367,88.89199829101562,106.95018267449532,2.0577728939917295,107.63943481445312,2390.006343296596,23.020601040022683,0.5515179845667978,0.018563966771229647,0.5440160036087036,23493.810340447155,24.30198613328052,77296.5194515306,21.456832400224624,83.67036295301132,0.5804118205430948,85.7865982055664,0,255.59,454678844.947,504182666.953,392426557.01266664,399697813.2512,3353639.0277514765,0.0,0.0,857156854.693,2.1842478277160353,0.0,-1,0.08176328393497767
842,29,X,2015,1523779521.0,0.0,1523779521.0,0.0,0.0,0.0,0.0,C,A,20150101,2015,52,699,,,,USA,USA,0,,,H4,HS,True,,,,C00,,0,0,,-1,,False,-1,,False,False,False,0,True,False,53.502261752174014,,71.1216953029121,2.3034035757423967,72.58999633789062,98.0149883401805,3.171270455557014,98.43000030517578,1158.8436502123636,,0.5293063215369009,0.01291713039100009,0.5510900020599365,8283.3866807281,,27349.398301977042,,64.12445996456219,1.6290511382706192,66.45500183105469,0,,,,,,,,,1523779521.0,1523779521.0,0.0,-1,0.08031755656567086
156,72,M,2024,2991839161.514,2991839161.514,0.0,0.0,0.0,0.0,0.0,C,A,20240101,2024,52,699,,,,CHN,China,0,,,H6,HS,True,,,,C00,,0,0,,-1,,False,-1,,False,True,False,4,False,True,79.8213096194797,-2.8824868212292354,90.37742212892489,1.379103718282367,88.89199829101562,106.95018267449532,2.0577728939917295,107.63943481445312,2390.006343296596,23.020601040022683,0.5515179845667978,0.018563966771229647,0.5440160036087036,23493.810340447155,24.30198613328052,77296.5194515306,21.456832400224624,83.67036295301132,0.5804118205430948,85.7865982055664,0,600942.447,1178121971.187,1261532605.557,1053238781.5953332,1051266181.5904,4977.578525197771,0.0,0.0,2991839161.514,2.8406086196164204,0.0,-1,0.07714834243776525
156,15,M,2025,214429833.734,214429833.734,0.0,0.0,0.0,0.0,0.0,C,A,20250101,2025,52,699,,,,CHN,China,0,,,H6,HS,True,,,,C00,,0,0,,-1,,False,-1,,False,True,False,4,False,True,,,,,,,,,,,,,,,,,,,,,1,4421.41,12108063.085,10296733.565,4038038.638666667,7180691.7246,48497.06594140783,0.0,0.0,214429833.734,53.102471997346534,0.0,-1,0.07635489194842449
368,25,M,2021,934306.281,934306.281,0.0,0.0,0.0,0.0,0.0,C,A,20210101,2021,52,699,,,,IRQ,Iraq,0,,,H5,HS,True,,,,C00,,0,0,,-1,,False,-1,,False,False,False,0,False,True,70.95380932944161,64.67659905367715,87.36627697122508,1.5209992746416792,84.1729965209961,101.71535091473226,1.418415954509494,100.45780181884766,1797.6690455845423,1.381993740208598,0.6729171034020026,0.014482286427544424,0.6460660099983215,16026.760651619205,43.699123357837166,53814.12340270749,41.888341273615936,73.93580224048132,0.9172934809251041,74.43119812011719,0,25.082,242.745,,4989.622,4989.622,37249.07100709672,0.0,0.0,934306.281,187.24991211759126,0.0,-1,0.07610498213158434
842,90,M,2015,1448886720.0,1448886720.0,0.0,0.0,0.0,0.0,0.0,C,A,20150101,2015,52,699,,,,USA,USA,0,,,H4,HS,True,,,,C00,,0,0,,-1,,False,-1,,False,False,False,0,True,False,53.502261752174014,,71.1216953029121,2.3034035757423967,72.58999633789062,98.0149883401805,3.171270455557014,98.43000030517578,1158.8436502123636,,0.5293063215369009,0.01291713039100009,0.5510900020599365,8283.3866807281,,27349.398301977042,,64.12445996456219,1.6290511382706192,66.45500183105469,0,,,,,,,,,1448886720.0,1448886720.0,0.0,-1,0.07529855751175296
842,87,X,2015,1440015463.0,0.0,1440015463.0,0.0,0.0,0.0,0.0,C,A,20150101,2015,52,699,,,,USA,USA,0,,,H4,HS,True,,,,C00,,0,0,,-1,,False,-1,,False,False,False,0,True,False,53.502261752174014,,71.1216953029121,2.3034035757423967,72.58999633789062,98.0149883401805,3.171270455557014,98.43000030517578,1158.8436502123636,,0.5293063215369009,0.01291713039100009,0.5510900020599365,8283.3866807281,,27349.398301977042,,64.12445996456219,1.6290511382706192,66.45500183105469,0,,,,,,,,,1440015463.0,1440015463.0,0.0,-1,0.0750519569298479
643,71,M,2015,1362132318.0,1362132318.0,0.0,0.0,0.0,0.0,0.0,C,A,20150101,2015,52,699,,,,RUS,Russian Federation,0,,,H4,HS,True,,,,C00,,0,0,,-1,,False,-1,,False,False,False,0,True,False,53.502261752174014,,71.1216953029121,2.3034035757423967,72.58999633789062,98.0149883401805,3.171270455557014,98.43000030517578,1158.8436502123636,,0.5293063215369009,0.01291713039100009,0.5510900020599365,8283.3866807281,,27349.398301977042,,64.12445996456219,1.6290511382706192,66.45500183105469,0,,,,,,,,,1362132318.0,1362132318.0,0.0,-1,0.07357410404411846
842,73,X,2015,1372672595.0,0.0,1372672595.0,0.0,0.0,0.0,0.0,C,A,20150101,2015,52,699,,,,USA,USA,0,,,H4,HS,True,,,,C00,,0,0,,-1,,False,-1,,False,False,False,0,True,False,53.502261752174014,,71.1216953029121,2.3034035757423967,72.58999633789062,98.0149883401805,3.171270455557014,98.43000030517578,1158.8436502123636,,0.5293063215369009,0.01291713039100009,0.5510900020599365,8283.3866807281,,27349.398301977042,,64.12445996456219,1.6290511382706192,66.45500183105469,0,,,,,,,,,1372672595.0,1372672595.0,0.0,-1,0.07357410404411846
392,89,X,2020,36059164.268,0.0,36059164.268,0.0,0.0,0.0,0.0,C,A,20200101,2020,52,699,,,,JPN,Japan,0,,,H5,HS,True,,,,C00,,0,0,,-1,,False,-1,,False,True,False,4,False,True,43.086758979224406,-32.84549157946846,84.50785661653708,3.548502407291178,89.9540023803711,95.31910740510197,2.4186207367831445,99.96320343017578,1773.164029690588,27.31641696012572,0.6934796790130265,0.020974948014682814,0.7089869976043701,11152.99820703125,-2.4733869614795068,37927.09317739709,-1.1590201568867697,74.22281195371205,1.6159365839212578,73.13400268554688,1,16040.617,8988.0,,8788.475666666667,90012867.85675,2246.9911008410713,0.0,0.0,36059164.268,4103.005530841582,0.0,-1,0.07213550940532798
682,88,M,2022,313433273.68,313433273.68,0.0,0.0,0.0,0.0,0.0,C,A,20220101,2022,52,699,,,,SAU,Saudi Arabia,0,,,H6,HS,True,,,,C00,,0,0,,-1,,False,-1,,False,True,False,4,False,True,98.96633461272098,39.479945542058225,82.59736524728628,2.224020515218701,88.22100067138672,97.03307958749625,3.3910504371003816,99.90866088867188,1800.0681269064366,0.13345511665714405,0.5993327853771356,0.031975679177647355,0.6217989921569824,17245.430463237146,7.603968375822823,57842.490328881046,7.4857057431337415,78.57705098665677,2.7095097619451263,82.83509826660156,1,68196.663,23528862.0,357817886.0,7869570.437,85350937.3534,4595.020683299416,0.0,0.0,313433273.68,39.828511122582384,0.0,-1,0.07173128747044144
842,27,M,2015,1324852304.0,1324852304.0,0.0,0.0,0.0,0.0,0.0,C,A,20150101,2015,52,699,,,,USA,USA,0,,,H4,HS,True,,,,C00,,0,0,,-1,,False,-1,,False,False,False,0,True,False,53.502261752174014,,71.1216953029121,2.3034035757423967,72.58999633789062,98.0149883401805,3.171270455557014,98.43000030517578,1158.8436502123636,,0.5293063215369009,0.01291713039100009,0.5510900020599365,8283.3866807281,,27349.398301977042,,64.12445996456219,1.6290511382706192,66.45500183105469,0,,,,,,,,,1324852304.0,1324852304.0,0.0,-1,0.07082933438371386
156,87,M,2024,2071827232.209,2071827232.209,0.0,0.0,0.0,0.0,0.0,C,A,20240101,2024,52,699,,,,CHN,China,0,,,H6,HS,True,,,,C00,,0,0,,-1,,False,-1,,False,True,False,4,False,True,79.8213096194797,-2.8824868212292354,90.37742212892489,1.379103718282367,88.89199829101562,106.95018267449532,2.0577728939917295,107.63943481445312,2390.006343296596,23.020601040022683,0.5515179845667978,0.018563966771229647,0.5440160036087036,23493.810340447155,24.30198613328052,77296.5194515306,21.456832400224624,83.67036295301132,0.5804118205430948,85.7865982055664,0,276426.377,1725000848.672,1282598681.296,1176044412.2216666,1202746162.3946,7494.041734779891,0.0,0.0,2071827232.209,1.761691319373823,0.0,-1,0.07059795402132973
410,39,M,2015,1284477428.0,1284477428.0,0.0,0.0,0.0,0.0,0.0,C,A,20150101,2015,52,699,,,,KOR,South Korea,0,,,H4,HS,True,,,,C00,,0,0,,-1,,False,-1,,False,False,False,0,True,False,53.502261752174014,,71.1216953029121,2.3034035757423967,72.58999633789062,98.0149883401805,3.171270455557014,98.43000030517578,1158.8436502123636,,0.5293063215369009,0.01291713039100009,0.5510900020599365,8283.3866807281,,27349.398301977042,,64.12445996456219,1.6290511382706192,66.45500183105469,0,,,,,,,,,1284477428.0,1284477428.0,0.0,-1,0.06874657942773488
276,85,M,2015,1263871011.0,1263871011.0,0.0,0.0,0.0,0.0,0.0,C,A,20150101,2015,52,699,,,,DEU,Germany,0,,,H4,HS,True,,,,C00,,0,0,,-1,,False,-1,,False,False,False,0,True,False,53.502261752174014,,71.1216953029121,2.3034035757423967,72.58999633789062,98.0149883401805,3.171270455557014,98.43000030517578,1158.8436502123636,,0.5293063215369009,0.01291713039100009,0.5510900020599365,8283.3866807281,,27349.398301977042,,64.12445996456219,1.6290511382706192,66.45500183105469,0,,,,,,,,,1263871011.0,1263871011.0,0.0,-1,0.06874657942773488
528,27,X,2015,1291882231.0,0.0,1291882231.0,0.0,0.0,0.0,0.0,C,A,20150101,2015,52,699,,,,NLD,Netherlands,0,,,H4,HS,True,,,,C00,,0,0,,-1,,False,-1,,False,False,False,0,True,False,53.502261752174014,,71.1216953029121,2.3034035757423967,72.58999633789062,98.0149883401805,3.171270455557014,98.43000030517578,1158.8436502123636,,0.5293063215369009,0.01291713039100009,0.5510900020599365,8283.3866807281,,27349.398301977042,,64.12445996456219,1.6290511382706192,66.45500183105469,0,,,,,,,,,1291882231.0,1291882231.0,0.0,-1,0.06874657942773488
156,74,X,2015,1265597275.0,0.0,1265597275.0,0.0,0.0,0.0,0.0,C,A,20150101,2015,52,699,,,,CHN,China,0,,,H4,HS,True,,,,C00,,0,0,,-1,,False,-1,,False,False,False,0,True,False,53.502261752174014,,71.1216953029121,2.3034035757423967,72.58999633789062,98.0149883401805,3.171270455557014,98.43000030517578,1158.8436502123636,,0.5293063215369009,0.01291713039100009,0.5510900020599365,8283.3866807281,,27349.398301977042,,64.12445996456219,1.6290511382706192,66.45500183105469,0,,,,,,,,,1265597275.0,1265597275.0,0.0,-1,0.06874657942773488
156,90,M,2015,1252176692.0,1252176692.0,0.0,0.0,0.0,0.0,0.0,C,A,20150101,2015,52,699,,,,CHN,China,0,,,H4,HS,True,,,,C00,,0,0,,-1,,False,-1,,False,False,False,0,True,False,53.502261752174014,,71.1216953029121,2.3034035757423967,72.58999633789062,98.0149883401805,3.171270455557014,98.43000030517578,1158.8436502123636,,0.5293063215369009,0.01291713039100009,0.5510900020599365,8283.3866807281,,27349.398301977042,,64.12445996456219,1.6290511382706192,66.45500183105469,0,,,,,,,,,1252176692.0,1252176692.0,0.0,-1,0.06850219496031451
702,29,M,2015,1255941659.0,1255941659.0,0.0,0.0,0.0,0.0,0.0,C,A,20150101,2015,52,699,,,,SGP,Singapore,0,,,H4,HS,True,,,,C00,,0,0,,-1,,False,-1,,False,False,False,0,True,False,53.502261752174014,,71.1216953029121,2.3034035757423967,72.58999633789062,98.0149883401805,3.171270455557014,98.43000030517578,1158.8436502123636,,0.5293063215369009,0.01291713039100009,0.5510900020599365,8283.3866807281,,27349.398301977042,,64.12445996456219,1.6290511382706192,66.45500183105469,0,,,,,,,,,1255941659.0,1255941659.0,0.0,-1,0.06850219496031451
842,84,M,2025,504644056.499,504644056.499,0.0,0.0,0.0,0.0,0.0,C,A,20250101,2025,52,699,,,,USA,USA,826,,,H6,HS,True,,,,C00,,0,0,,-1,,False,-1,,False,True,False,4,False,True,,,,,,,,,,,,,,,,,,,,,1,3656.227,3847994063.301,2801651042.403,1283239942.5930002,1976460933.5116,138022.17429935286,0.0,0.0,504644056.499,0.39325775308963856,0.0,-1,0.06802574426172359
842,03,X,2015,1229420848.0,0.0,1229420848.0,0.0,0.0,0.0,0.0,C,A,20150101,2015,52,699,,,,USA,USA,0,,,H4,HS,True,,,,C00,,0,0,,-1,,False,-1,,False,False,False,0,True,False,53.502261752174014,,71.1216953029121,2.3034035757423967,72.58999633789062,98.0149883401805,3.171270455557014,98.43000030517578,1158.8436502123636,,0.5293063215369009,0.01291713039100009,0.5510900020599365,8283.3866807281,,27349.398301977042,,64.12445996456219,1.6290511382706192,66.45500183105469,0,,,,,,,,,1229420848.0,1229420848.0,0.0,-1,0.0677695374038938
156,38,M,2025,2008460670.024,2008460670.024,0.0,0.0,0.0,0.0,0.0,C,A,20250101,2025,52,699,,,,CHN,China,0,,,H6,HS,True,,,,C00,,0,0,,-1,,False,-1,,False,True,False,4,False,True,,,,,,,,,,,,,,,,,,,,,1,1798505.912,1706417552.158,1240979641.679,1071660125.9443334,1232727999.0314002,1115.7384308403653,0.0,0.0,2008460670.024,1.8741582535359984,0.0,-1,0.06699048178672007
458,85,M,2015,1218886816.0,1218886816.0,0.0,0.0,0.0,0.0,0.0,C,A,20150101,2015,52,699,,,,MYS,Malaysia,0,,,H4,HS,True,,,,C00,,0,0,,-1,,False,-1,,False,False,False,0,True,False,53.502261752174014,,71.1216953029121,2.3034035757423967,72.58999633789062,98.0149883401805,3.171270455557014,98.43000030517578,1158.8436502123636,,0.5293063215369009,0.01291713039100009,0.5510900020599365,8283.3866807281,,27349.398301977042,,64.12445996456219,1.6290511382706192,66.45500183105469,0,,,,,,,,,1218886816.0,1218886816.0,0.0,-1,0.06679381659246209
156,73,M,2015,1215081568.0,1215081568.0,0.0,0.0,0.0,0.0,0.0,C,A,20150101,2015,52,699,,,,CHN,China,0,,,H4,HS,True,,,,C00,,0,0,,-1,,False,-1,,False,False,False,0,True,False,53.502261752174014,,71.1216953029121,2.3034035757423967,72.58999633789062,98.0149883401805,3.171270455557014,98.43000030517578,1158.8436502123636,,0.5293063215369009,0.01291713039100009,0.5510900020599365,8283.3866807281,,27349.398301977042,,64.12445996456219,1.6290511382706192,66.45500183105469,0,,,,,,,,,1215081568.0,1215081568.0,0.0,-1,0.06655009261962053
842,88,M,2024,757689169.865,757689169.865,0.0,0.0,0.0,0.0,0.0,C,A,20240101,2024,52,699,,,,USA,USA,0,,,H6,HS,True,,,,C00,,0,0,,-1,,False,-1,,False,True,False,4,False,True,79.8213096194797,-2.8824868212292354,90.37742212892489,1.379103718282367,88.89199829101562,106.95018267449532,2.0577728939917295,107.63943481445312,2390.006343296596,23.020601040022683,0.5515179845667978,0.018563966771229647,0.5440160036087036,23493.810340447155,24.30198613328052,77296.5194515306,21.456832400224624,83.67036295301132,0.5804118205430948,85.7865982055664,0,11642.655,112974107.557,242632629.009,162773439.91699997,161291153.4094,65077.72730618575,0.0,0.0,757689169.865,4.654869800941445,0.0,-1,0.06583817938828418
682,29,M,2015,1199386870.0,1199386870.0,0.0,0.0,0.0,0.0,0.0,C,A,20150101,2015,52,699,,,,SAU,Saudi Arabia,0,,,H4,HS,True,,,,C00,,0,0,,-1,,False,-1,,False,False,False,0,True,False,53.502261752174014,,71.1216953029121,2.3034035757423967,72.58999633789062,98.0149883401805,3.171270455557014,98.43000030517578,1158.8436502123636,,0.5293063215369009,0.01291713039100009,0.5510900020599365,8283.3866807281,,27349.398301977042,,64.12445996456219,1.6290511382706192,66.45500183105469,0,,,,,,,,,1199386870.0,1199386870.0,0.0,-1,0.06557602081155012
36,71,M,2015,1154677088.0,1154677088.0,0.0,0.0,0.0,0.0,0.0,C,A,20150101,2015,52,699,,,,AUS,Australia,0,,,H4,HS,True,,,,C00,,0,0,,-1,,False,-1,,False,False,False,0,True,False,53.502261752174014,,71.1216953029121,2.3034035757423967,72.58999633789062,98.0149883401805,3.171270455557014,98.43000030517578,1158.8436502123636,,0.5293063215369009,0.01291713039100009,0.5510900020599365,8283.3866807281,,27349.398301977042,,64.12445996456219,1.6290511382706192,66.45500183105469,0,,,,,,,,,1154677088.0,1154677088.0,0.0,-1,0.06459751516424994
156,68,M,2024,516479923.595,516479923.595,0.0,0.0,0.0,0.0,0.0,C,A,20240101,2024,52,699,,,,CHN,China,0,,,H6,HS,True,,,,C00,,0,0,,-1,,False,-1,,False,True,False,4,False,True,79.8213096194797,-2.8824868212292354,90.37742212892489,1.379103718282367,88.89199829101562,106.95018267449532,2.0577728939917295,107.63943481445312,2390.006343296596,23.020601040022683,0.5515179845667978,0.018563966771229647,0.5440160036087036,23493.810340447155,24.30198613328052,77296.5194515306,21.456832400224624,83.67036295301132,0.5804118205430948,85.7865982055664,0,1450.116,474927767.762,503668255.273,340396054.9963333,373842775.78440005,356163.5575905652,0.0,0.0,516479923.595,1.5172911554470379,0.0,-1,0.06407281992309377
702,84,M,2015,1187214424.0,1187214424.0,0.0,0.0,0.0,0.0,0.0,C,A,20150101,2015,52,699,,,,SGP,Singapore,0,,,H4,HS,True,,,,C00,,0,0,,-1,,False,-1,,False,False,False,0,True,False,53.502261752174014,,71.1216953029121,2.3034035757423967,72.58999633789062,98.0149883401805,3.171270455557014,98.43000030517578,1158.8436502123636,,0.5293063215369009,0.01291713039100009,0.5510900020599365,8283.3866807281,,27349.398301977042,,64.12445996456219,1.6290511382706192,66.45500183105469,0,,,,,,,,,1187214424.0,1187214424.0,0.0,-1,0.06386881837700964
842,85,X,2015,1153333680.0,0.0,1153333680.0,0.0,0.0,0.0,0.0,C,A,20150101,2015,52,699,,,,USA,USA,0,,,H4,HS,True,,,,C00,,0,0,,-1,,False,-1,,False,False,False,0,True,False,53.502261752174014,,71.1216953029121,2.3034035757423967,72.58999633789062,98.0149883401805,3.171270455557014,98.43000030517578,1158.8436502123636,,0.5293063215369009,0.01291713039100009,0.5510900020599365,8283.3866807281,,27349.398301977042,,64.12445996456219,1.6290511382706192,66.45500183105469,0,,,,,,,,,1153333680.0,1153333680.0,0.0,-1,0.06357575271602445
156,39,M,2024,6294046006.356,6294046006.356,0.0,0.0,0.0,0.0,0.0,C,A,20240101,2024,52,699,,,,CHN,China,0,,,H6,HS,True,,,,C00,,0,0,,-1,,False,-1,,False,True,False,4,False,True,79.8213096194797,-2.8824868212292354,90.37742212892489,1.379103718282367,88.89199829101562,106.95018267449532,2.0577728939917295,107.63943481445312,2390.006343296596,23.020601040022683,0.5515179845667978,0.018563966771229647,0.5440160036087036,23493.810340447155,24.30198613328052,77296.5194515306,21.456832400224624,83.67036295301132,0.5804118205430948,85.7865982055664,0,12459569.812,4170200163.16,2824126131.549,3208377990.247667,2922817806.9189997,504.1575697496481,0.0,0.0,6294046006.356,1.961753267690924,0.0,-1,0.06277374068107733
156,87,M,2015,1112964767.0,1112964767.0,0.0,0.0,0.0,0.0,0.0,C,A,20150101,2015,52,699,,,,CHN,China,0,,,H4,HS,True,,,,C00,,0,0,,-1,,False,-1,,False,False,False,0,True,False,53.502261752174014,,71.1216953029121,2.3034035757423967,72.58999633789062,98.0149883401805,3.171270455557014,98.43000030517578,1158.8436502123636,,0.5293063215369009,0.01291713039100009,0.5510900020599365,8283.3866807281,,27349.398301977042,,64.12445996456219,1.6290511382706192,66.45500183105469,0,,,,,,,,,1112964767.0,1112964767.0,0.0,-1,0.062121170133912385
36,27,X,2015,1105168266.0,0.0,1105168266.0,0.0,0.0,0.0,0.0,C,A,20150101,2015,52,699,,,,AUS,Australia,0,,,H4,HS,True,,,,C00,,0,0,,-1,,False,-1,,False,False,False,0,True,False,53.502261752174014,,71.1216953029121,2.3034035757423967,72.58999633789062,98.0149883401805,3.171270455557014,98.43000030517578,1158.8436502123636,,0.5293063215369009,0.01291713039100009,0.5510900020599365,8283.3866807281,,27349.398301977042,,64.12445996456219,1.6290511382706192,66.45500183105469,0,,,,,,,,,1105168266.0,1105168266.0,0.0,-1,0.062121170133912385
643,06,M,2025,508252.325,508252.325,0.0,0.0,0.0,0.0,0.0,C,A,20250101,2025,52,699,,,,RUS,Russian Federation,0,,,H6,HS,True,,,,C00,,0,0,,-1,,False,-1,,False,False,False,0,False,True,,,,,,,,,,,,,,,,,,,,,1,28.51,565.068,,3604.92,3604.92,17826.15976850228,0.0,0.0,508252.325,140.98851708220988,0.0,-1,0.06180284218724019
702,85,M,2015,1095874845.0,1095874845.0,0.0,0.0,0.0,0.0,0.0,C,A,20150101,2015,52,699,,,,SGP,Singapore,0,,,H4,HS,True,,,,C00,,0,0,,-1,,False,-1,,False,False,False,0,True,False,53.502261752174014,,71.1216953029121,2.3034035757423967,72.58999633789062,98.0149883401805,3.171270455557014,98.43000030517578,1158.8436502123636,,0.5293063215369009,0.01291713039100009,0.5510900020599365,8283.3866807281,,27349.398301977042,,64.12445996456219,1.6290511382706192,66.45500183105469,0,,,,,,,,,1095874845.0,1095874845.0,0.0,-1,0.06115308736951175
682,10,X,2015,1079143437.0,0.0,1079143437.0,0.0,0.0,0.0,0.0,C,A,20150101,2015,52,699,,,,SAU,Saudi Arabia,0,,,H4,HS,True,,,,C00,,0,0,,-1,,False,-1,,False,False,False,0,True,False,53.502261752174014,,71.1216953029121,2.3034035757423967,72.58999633789062,98.0149883401805,3.171270455557014,98.43000030517578,1158.8436502123636,,0.5293063215369009,0.01291713039100009,0.5510900020599365,8283.3866807281,,27349.398301977042,,64.12445996456219,1.6290511382706192,66.45500183105469,0,,,,,,,,,1079143437.0,1079143437.0,0.0,-1,0.06115308736951175
702,26,X,2021,4177277.422,0.0,4177277.422,0.0,0.0,0.0,0.0,C,A,20210101,2021,52,699,,,,SGP,Singapore,0,,,H5,HS,True,,,,C00,,0,0,,-1,,False,-1,,False,False,False,0,False,True,70.95380932944161,64.67659905367715,87.36627697122508,1.5209992746416792,84.1729965209961,101.71535091473226,1.418415954509494,100.45780181884766,1797.6690455845423,1.381993740208598,0.6729171034020026,0.014482286427544424,0.6460660099983215,16026.760651619205,43.699123357837166,53814.12340270749,41.888341273615936,73.93580224048132,0.9172934809251041,74.43119812011719,0,748.737,508.326,40131.0,5420.455,1892579.526,5578.098431091291,0.0,0.0,4177277.422,770.6506966666083,0.0,-1,0.06044609115704547
842,88,M,2015,1066334078.0,1066334078.0,0.0,0.0,0.0,0.0,0.0,C,A,20150101,2015,52,699,,,,USA,USA,0,,,H4,HS,True,,,,C00,,0,0,,-1,,False,-1,,False,False,False,0,True,False,53.502261752174014,,71.1216953029121,2.3034035757423967,72.58999633789062,98.0149883401805,3.171270455557014,98.43000030517578,1158.8436502123636,,0.5293063215369009,0.01291713039100009,0.5510900020599365,8283.3866807281,,27349.398301977042,,64.12445996456219,1.6290511382706192,66.45500183105469,0,,,,,,,,,1066334078.0,1066334078.0,0.0,-1,0.06042788448808878
156,70,M,2024,1246528087.464,1246528087.464,0.0,0.0,0.0,0.0,0.0,C,A,20240101,2024,52,699,,,,CHN,China,0,,,H6,HS,True,,,,C00,,0,0,,-1,,False,-1,,False,True,False,4,False,True,79.8213096194797,-2.8824868212292354,90.37742212892489,1.379103718282367,88.89199829101562,106.95018267449532,2.0577728939917295,107.63943481445312,2390.006343296596,23.020601040022683,0.5515179845667978,0.018563966771229647,0.5440160036087036,23493.810340447155,24.30198613328052,77296.5194515306,21.456832400224624,83.67036295301132,0.5804118205430948,85.7865982055664,0,78467.058,633722433.787,630390984.026,496688106.76500005,512863138.7176,15885.005149625971,0.0,0.0,1246528087.464,2.5096797577514267,0.0,-1,0.06023445058540022
702,99,X,2015,1034284699.0,0.0,1034284699.0,0.0,0.0,0.0,0.0,C,A,20150101,2015,52,699,,,,SGP,Singapore,0,,,H4,HS,True,,,,C00,,0,0,,-1,,False,-1,,False,False,False,0,True,False,53.502261752174014,,71.1216953029121,2.3034035757423967,72.58999633789062,98.0149883401805,3.171270455557014,98.43000030517578,1158.8436502123636,,0.5293063215369009,0.01291713039100009,0.5510900020599365,8283.3866807281,,27349.398301977042,,64.12445996456219,1.6290511382706192,66.45500183105469,0,,,,,,,,,1034284699.0,1034284699.0,0.0,-1,0.059703417226837474
156,99,M,2015,1034388956.0,1034388956.0,0.0,0.0,0.0,0.0,0.0,C,A,20150101,2015,52,699,,,,CHN,China,0,,,H4,HS,True,,,,C00,,0,0,,-1,,False,-1,,False,False,False,0,True,False,53.502261752174014,,71.1216953029121,2.3034035757423967,72.58999633789062,98.0149883401805,3.171270455557014,98.43000030517578,1158.8436502123636,,0.5293063215369009,0.01291713039100009,0.5510900020599365,8283.3866807281,,27349.398301977042,,64.12445996456219,1.6290511382706192,66.45500183105469,0,,,,,,,,,1034388956.0,1034388956.0,0.0,-1,0.059703417226837474
410,45,M,2018,21984.78,21984.78,0.0,0.0,0.0,0.0,0.0,C,A,20180101,2018,52,699,,,,KOR,South Korea,0,,,H5,HS,True,,,,C00,,0 ,0,,-1,,False,-1,,False,False,False,0,False,True,71.7671713810043,31.13903885725675,80.58883807302891,2.0745990099761857,79.9469985961914,91.28527188940524,2.4727537177418255,88.85800170898438,1267.5996005859374,0.7873427620123996,0.6182982759457438,0.021666730250215326,0.6332399845123291,10750.673270089286,12.094561994746122,35399.664491234755,14.455219001779662,68.45175550906595,3.265876416745794,69.92250061035156,0,0.108,,,197.554,197.554,203561.77777777778,0.0,0.0,21984.78,111.28491450438867,0.0,-1,0.05950711013117316
276,18,X,2016,8426344.0,0.0,8426344.0,0.0,0.0,0.0,0.0,C,A,20160101,2016,52,699,,,,DEU,Germany,0,,,H4,HS,True,,,,C00,,0,0,,-1,,False,-1,,False,False,False,0,True,False,45.16007995605469,-15.592203998329756,74.19653998480902,1.4677781619342285,71.76699829101562,91.08754797456822,5.697455140454365,83.26499938964844,1249.7060024414063,7.840777503711727,0.6183525289612255,0.03068328404346864,0.5836399793624878,8088.159221711706,-2.3568555536662816,26367.266796875,-3.591053427420543,67.16636634329727,0.6252499151739019,67.93299865722656,0,21.0,,,21.0,21.0,401253.4761904762,0.0,0.0,8426344.0,401254.4761904762,0.0,-1,0.05900161665468617
156,91,M,2025,246639899.725,246639899.725,0.0,0.0,0.0,0.0,0.0,C,A,20250101,2025,52,699,,,,CHN,China,0,,,H6,HS,True,,,,C00,,0,0,,-1,,False,-1,,False,False,False,0,False,True,,,,,,,,,,,,,,,,,,,,,1,12304.062,62544182.172,28430704.765,20852233.836666666,28381730.217800003,20044.404495279687,0.0,0.0,246639899.725,11.827984553449005,0.0,-1,0.058867910582829586
842,15,M,2025,263499136.411,263499136.411,0.0,0.0,0.0,0.0,0.0,C,A,20250101,2025,52,699,,,,USA,USA,842,,,H6,HS,True,,,,C00,,0,0,,-1,,False,-1,,False,True,False,4,False,True,,,,,,,,,,,,,,,,,,,,,1,2618.636,259650973.35,7296864.924,89906617.16933334,65428547.80980001,100623.57569933355,0.0,0.0,263499136.411,2.930809151841586,0.0,-1,0.0580932983873681
842,20,M,2025,23567090.147,23567090.147,0.0,0.0,0.0,0.0,0.0,C,A,20250101,2025,52,699,,,,USA,USA,842,,,H6,HS,True,,,,C00,,0,0,,-1,,False,-1,,False,False,False,0,False,True,,,,,,,,,,,,,,,,,,,,,1,60.222,22930217.229,11264560.544,7670715.924333334,10186656.8242,391335.8892929494,0.0,0.0,23567090.147,3.072345577580261,0.0,-1,0.05747600137062747
344,75,X,2025,337510.704,0.0,337510.704,0.0,0.0,0.0,0.0,C,A,20250101,2025,52,699,,,,HKG,Hong Kong,0,,,H6,HS,True,,,,C00,,0,0,,-1,,False,-1,,False,True,False,4,False,True,,,,,,,,,,,,,,,,,,,,,1,47.502,6353.482,1776.422,4171.154666666666,4440.0019999999995,7104.189339396236,0.0,0.0,337510.704,80.9154133499725,0.0,-1,0.05745869977373608
392,27,X,2015,1017491515.0,0.0,1017491515.0,0.0,0.0,0.0,0.0,C,A,20150101,2015,52,699,,,,JPN,Japan,0,,,H4,HS,True,,,,C00,,0,0,,-1,,False,-1,,False,False,False,0,True,False,53.502261752174014,,71.1216953029121,2.3034035757423967,72.58999633789062,98.0149883401805,3.171270455557014,98.43000030517578,1158.8436502123636,,0.5293063215369009,0.01291713039100009,0.5510900020599365,8283.3866807281,,27349.398301977042,,64.12445996456219,1.6290511382706192,66.45500183105469,0,,,,,,,,,1017491515.0,1017491515.0,0.0,-1,0.0573507565559479
156,32,M,2024,1135781372.821,1135781372.821,0.0,0.0,0.0,0.0,0.0,C,A,20240101,2024,52,699,,,,CHN,China,0,,,H6,HS,True,,,,C00,,0,0,,-1,,False,-1,,False,True,False,4,False,True,79.8213096194797,-2.8824868212292354,90.37742212892489,1.379103718282367,88.89199829101562,106.95018267449532,2.0577728939917295,107.63943481445312,2390.006343296596,23.020601040022683,0.5515179845667978,0.018563966771229647,0.5440160036087036,23493.810340447155,24.30198613328052,77296.5194515306,21.456832400224624,83.67036295301132,0.5804118205430948,85.7865982055664,0,72814.318,884068053.322,569603837.784,598040805.7253333,576901417.419,15597.324670444623,0.0,0.0,1135781372.821,1.8991703608643704,0.0,-1,0.05692117184548473
392,85,M,2015,1014039397.0,1014039397.0,0.0,0.0,0.0,0.0,0.0,C,A,20150101,2015,52,699,,,,JPN,Japan,0,,,H4,HS,True,,,,C00,,0,0,,-1,,False,-1,,False,False,False,0,True,False,53.502261752174014,,71.1216953029121,2.3034035757423967,72.58999633789062,98.0149883401805,3.171270455557014,98.43000030517578,1158.8436502123636,,0.5293063215369009,0.01291713039100009,0.5510900020599365,8283.3866807281,,27349.398301977042,,64.12445996456219,1.6290511382706192,66.45500183105469,0,,,,,,,,,1014039397.0,1014039397.0,0.0,-1,0.05686977793078274
344,79,X,2025,1032167.413,0.0,1032167.413,0.0,0.0,0.0,0.0,C,A,20250101,2025,52,699,,,,HKG,Hong Kong,0,,,H6,HS,True,,,,C00,,0,0,,-1,,False,-1,,False,False,False,0,False,True,,,,,,,,,,,,,,,,,,,,,1,43.539,84150.815,592.333,28119.416,17365.68,23705.732194124805,0.0,0.0,1032167.413,36.70657360024831,0.0,-1,0.05582030895631129
842,31,M,2025,15767635.567,15767635.567,0.0,0.0,0.0,0.0,0.0,C,A,20250101,2025,52,699,,,,USA,USA,842,,,H6,HS,True,,,,C00,,0,0,,-1,,False,-1,,False,True,False,4,False,True,,,,,,,,,,,,,,,,,,,,,1,67.729,277585413.451,52205173.953,92528832.82666664,68124147.50299999,232803.78918926898,0.0,0.0,15767635.567,0.17040780787257262,0.0,-1,0.05522975598899016
276,29,M,2024,125050706.793,125050706.793,0.0,0.0,0.0,0.0,0.0,C,A,20240101,2024,52,699,,,,DEU,Germany,56,,,H6,HS,True,,,,C00,,0,0,,-1,,False,-1,,False,True,False,4,False,True,79.8213096194797,-2.8824868212292354,90.37742212892489,1.379103718282367,88.89199829101562,106.95018267449532,2.0577728939917295,107.63943481445312,2390.006343296596,23.020601040022683,0.5515179845667978,0.018563966771229647,0.5440160036087036,23493.810340447155,24.30198613328052,77296.5194515306,21.456832400224624,83.67036295301132,0.5804118205430948,85.7865982055664,0,4.322,469388774.886,435198489.719,280725762.6076667,337984064.073,28933526.717029154,0.0,0.0,125050706.793,0.44545504349654885,0.0,-1,0.05433193665264502
784,28,M,2025,4147568118.916,4147568118.916,0.0,0.0,0.0,0.0,0.0,C,A,20250101,2025,52,699,,,,ARE,United Arab Emirates,0,,,H6,HS,True,,,,C00,,0,0,,-1,,False,-1,,False,True,False,4,False,True,,,,,,,,,,,,,,,,,,,,,1,109436655.939,154629907.568,103977380.373,141925996.37166664,133560155.7412,36.899258555815656,0.0,0.0,4147568118.916,29.223456061246285,0.0,-1,0.05403664383379958
643,27,M,2023,58730524731.031,58730524731.031,0.0,0.0,0.0,0.0,0.0,C,A,20230101,2023,52,699,,,,RUS,Russian Federation,0,,,H6,HS,True,,,,C00,,0,0,,-1,,False,-1,,False,False,False,0,False,True,82.19043816798236,-16.951114245451983,89.1475092961238,1.2207693150284755,91.89700317382812,102.69713451678936,2.243170658669431,105.6975555419922,1942.769197265625,7.927537198518797,0.5874903098894999,0.02633055994255835,0.5919479727745056,18900.59127072704,9.597677547210392,63641.145519770405,10.024905839840814,82.57708666874812,0.6018844042643178,82.302001953125,1,33973884295.986,2045343418.298,2203580948.687,13562467396.669,9152788163.975,0.7286962014517129,0.0,0.0,58730524731.031,4.330371680410857,0.0,-1,0.05225790987958612
842,44,M,2025,95883224.377,95883224.377,0.0,0.0,0.0,0.0,0.0,C,A,20250101,2025,52,699,,,,USA,USA,842,,,H6,HS,True,,,,C00,,0,0,,-1,,False,-1,,False,True,False,4,False,True,,,,,,,,,,,,,,,,,,,,,1,1775.546,96116735.272,36228890.193,32074767.106999997,37245206.5832,54001.106606643814,0.0,0.0,95883224.377,2.989366191097751,0.0,-1,0.052140488165970944
156,56,M,2024,163427072.803,163427072.803,0.0,0.0,0.0,0.0,0.0,C,A,20240101,2024,52,699,,,,CHN,China,0,,,H6,HS,True,,,,C00,,0,0,,-1,,False,-1,,False,True,False,4,False,True,79.8213096194797,-2.8824868212292354,90.37742212892489,1.379103718282367,88.89199829101562,106.95018267449532,2.0577728939917295,107.63943481445312,2390.006343296596,23.020601040022683,0.5515179845667978,0.018563966771229647,0.5440160036087036,23493.810340447155,24.30198613328052,77296.5194515306,21.456832400224624,83.67036295301132,0.5804118205430948,85.7865982055664,0,255.832,155648959.897,108176156.264,111763597.60300003,108179323.13520002,638805.219718409,0.0,0.0,163427072.803,1.4622567303489629,0.0,-1,0.05186024655592125
682,27,M,2022,37720941554.107,37720941554.107,0.0,0.0,0.0,0.0,0.0,C,A,20220101,2022,52,699,,,,SAU,Saudi Arabia,0,,,H6,HS,True,,,,C00,,0,0,,-1,,False,-1,,False,False,False,0,False,True,98.96633461272098,39.479945542058225,82.59736524728628,2.224020515218701,88.22100067138672,97.03307958749625,3.3910504371003816,99.90866088867188,1800.0681269064366,0.13345511665714405,0.5993327853771356,0.031975679177647355,0.6217989921569824,17245.430463237146,7.603968375822823,57842.490328881046,7.4857057431337415,78.57705098665677,2.7095097619451263,82.83509826660156,1,22147160929.893,23168043842.307,16806771509.701,19999410922.959667,20233662899.9394,0.7031953519240194,0.0,0.0,37720941554.107,1.8861026306931228,0.0,-1,0.05160585477556823
156,47,M,2025,30618606.917,30618606.917,0.0,0.0,0.0,0.0,0.0,C,A,20250101,2025,52,699,,,,CHN,China,0,,,H6,HS,True,,,,C00,,0,0,,-1,,False,-1,,False,True,False,4,False,True,,,,,,,,,,,,,,,,,,,,,1,52.903,53619078.013,21256105.634,24319389.87266667,23952080.4012,578767.820615088,0.0,0.0,30618606.917,1.2590203568969147,0.0,-1,0.05157576656183527
682,05,X,2018,6969.595,0.0,6969.595,0.0,0.0,0.0,0.0,C,A,20180101,2018,52,699,,,,SAU,Saudi Arabia,0,,,H5,HS,True,,,,C00,,0 ,0,,-1,,False,-1,,False,False,False,0,False,True,71.7671713810043,31.13903885725675,80.58883807302891,2.0745990099761857,79.9469985961914,91.28527188940524,2.4727537177418255,88.85800170898438,1267.5996005859374,0.7873427620123996,0.6182982759457438,0.021666730250215326,0.6332399845123291,10750.673270089286,12.094561994746122,35399.664491234755,14.455219001779662,68.45175550906595,3.265876416745794,69.92250061035156,0,0.015,1.0,,989.6716666666666,989.6716666666666,464638.6666666667,0.0,0.0,6969.595,7.042330537232045,0.0,-1,0.05154458093921055
156,30,M,2024,196233881.42,196233881.42,0.0,0.0,0.0,0.0,0.0,C,A,20240101,2024,52,699,,,,CHN,China,0,,,H6,HS,True,,,,C00,,0,0,,-1,,False,-1,,False,True,False,4,False,True,79.8213096194797,-2.8824868212292354,90.37742212892489,1.379103718282367,88.89199829101562,106.95018267449532,2.0577728939917295,107.63943481445312,2390.006343296596,23.020601040022683,0.5515179845667978,0.018563966771229647,0.5440160036087036,23493.810340447155,24.30198613328052,77296.5194515306,21.456832400224624,83.67036295301132,0.5804118205430948,85.7865982055664,0,689.447,215756158.014,185994184.934,131770560.677,153233340.002,284624.0421279663,0.0,0.0,196233881.42,1.489208821847654,0.0,-1,0.05146241269884799
156,25,M,2024,236319453.267,236319453.267,0.0,0.0,0.0,0.0,0.0,C,A,20240101,2024,52,699,,,,CHN,China,0,,,H6,HS,True,,,,C00,,0,0,,-1,,False,-1,,False,True,False,4,False,True,79.8213096194797,-2.8824868212292354,90.37742212892489,1.379103718282367,88.89199829101562,106.95018267449532,2.0577728939917295,107.63943481445312,2390.006343296596,23.020601040022683,0.5515179845667978,0.018563966771229647,0.5440160036087036,23493.810340447155,24.30198613328052,77296.5194515306,21.456832400224624,83.67036295301132,0.5804118205430948,85.7865982055664,0,1034.346,161643538.716,157283443.657,130328029.89133333,130053981.88599999,228471.34220173908,0.0,0.0,236319453.267,1.8132665203643579,0.0,-1,0.05125523559109657
704,93,X,2021,16014871.584,0.0,16014871.584,0.0,0.0,0.0,0.0,C,A,20210101,2021,52,699,,,,VNM,Vietnam,0,,,H5,HS,True,,,,C00,,0,0,,-1,,False,-1,,False,False,False,0,False,True,70.95380932944161,64.67659905367715,87.36627697122508,1.5209992746416792,84.1729965209961,101.71535091473226,1.418415954509494,100.45780181884766,1797.6690455845423,1.381993740208598,0.6729171034020026,0.014482286427544424,0.6460660099983215,16026.760651619205,43.699123357837166,53814.12340270749,41.888341273615936,73.93580224048132,0.9172934809251041,74.43119812011719,0,10527.346,3186.0,,4686.576333333333,4686.576333333333,1520.2639143806996,0.0,0.0,16014871.584,3417.179289302091,0.0,-1,0.050872026876604304
704,85,M,2015,979872944.0,979872944.0,0.0,0.0,0.0,0.0,0.0,C,A,20150101,2015,52,699,,,,VNM,Vietnam,0,,,H4,HS,True,,,,C00,,0,0,,-1,,False,-1,,False,False,False,0,True,False,53.502261752174014,,71.1216953029121,2.3034035757423967,72.58999633789062,98.0149883401805,3.171270455557014,98.43000030517578,1158.8436502123636,,0.5293063215369009,0.01291713039100009,0.5510900020599365,8283.3866807281,,27349.398301977042,,64.12445996456219,1.6290511382706192,66.45500183105469,0,,,,,,,,,979872944.0,979872944.0,0.0,-1,0.050467378053644096
344,85,M,2015,978216956.0,978216956.0,0.0,0.0,0.0,0.0,0.0,C,A,20150101,2015,52,699,,,,HKG,Hong Kong,0,,,H4,HS,True,,,,C00,,0,0,,-1,,False,-1,,False,False,False,0,True,False,53.502261752174014,,71.1216953029121,2.3034035757423967,72.58999633789062,98.0149883401805,3.171270455557014,98.43000030517578,1158.8436502123636,,0.5293063215369009,0.01291713039100009,0.5510900020599365,8283.3866807281,,27349.398301977042,,64.12445996456219,1.6290511382706192,66.45500183105469,0,,,,,,,,,978216956.0,978216956.0,0.0,-1,0.050467378053644096
276,90,M,2015,963267329.0,963267329.0,0.0,0.0,0.0,0.0,0.0,C,A,20150101,2015,52,699,,,,DEU,Germany,0,,,H4,HS,True,,,,C00,,0,0,,-1,,False,-1,,False,False,False,0,True,False,53.502261752174014,,71.1216953029121,2.3034035757423967,72.58999633789062,98.0149883401805,3.171270455557014,98.43000030517578,1158.8436502123636,,0.5293063215369009,0.01291713039100009,0.5510900020599365,8283.3866807281,,27349.398301977042,,64.12445996456219,1.6290511382706192,66.45500183105469,0,,,,,,,,,963267329.0,963267329.0,0.0,-1,0.050229176269135145
36,89,X,2021,25151387.986,0.0,25151387.986,0.0,0.0,0.0,0.0,C,A,20210101,2021,52,699,,,,AUS,Australia,0,,,H5,HS,True,,,,C00,,0,0,,-1,,False,-1,,False,True,False,4,False,True,70.95380932944161,64.67659905367715,87.36627697122508,1.5209992746416792,84.1729965209961,101.71535091473226,1.418415954509494,100.45780181884766,1797.6690455845423,1.381993740208598,0.6729171034020026,0.014482286427544424,0.6460660099983215,16026.760651619205,43.699123357837166,53814.12340270749,41.888341273615936,73.93580224048132,0.9172934809251041,74.43119812011719,0,15777.492,23047.518,32648.0,16216.254666666668,213620.1658,1593.1309294278205,0.0,0.0,25151387.986,1550.9985815466966,0.0,-1,0.04949244035074751
360,27,M,2022,14731851727.902,14731851727.902,0.0,0.0,0.0,0.0,0.0,C,A,20220101,2022,52,699,,,,IDN,Indonesia,0,,,H6,HS,True,,,,C00,,0,0,,-1,,False,-1,,False,False,False,0,False,True,98.96633461272098,39.479945542058225,82.59736524728628,2.224020515218701,88.22100067138672,97.03307958749625,3.3910504371003816,99.90866088867188,1800.0681269064366,0.13345511665714405,0.5993327853771356,0.031975679177647355,0.6217989921569824,17245.430463237146,7.603968375822823,57842.490328881046,7.4857057431337415,78.57705098665677,2.7095097619451263,82.83509826660156,1,6324086402.375,7166625908.146,6114881433.071,6197895255.637668,6340760556.909201,1.3294829941554054,0.0,0.0,14731851727.902,2.3769120193668587,0.0,-1,0.04945595934673641
842,47,M,2024,718979866.696,718979866.696,0.0,0.0,0.0,0.0,0.0,C,A,20240101,2024,52,699,,,,USA,USA,0,,,H6,HS,True,,,,C00,,0,0,,-1,,False,-1,,False,False,False,0,False,True,79.8213096194797,-2.8824868212292354,90.37742212892489,1.379103718282367,88.89199829101562,106.95018267449532,2.0577728939917295,107.63943481445312,2390.006343296596,23.020601040022683,0.5515179845667978,0.018563966771229647,0.5440160036087036,23493.810340447155,24.30198613328052,77296.5194515306,21.456832400224624,83.67036295301132,0.5804118205430948,85.7865982055664,0,19203.023,961556209.09,718541518.757,676277736.8536667,643114975.7942,37439.97305387803,0.0,0.0,718979866.696,1.063142888661398,0.0,-1,0.04897672648484175
368,27,M,2022,38612101272.429,38612101272.429,0.0,0.0,0.0,0.0,0.0,C,A,20220101,2022,52,699,,,,IRQ,Iraq,0,,,H6,HS,True,,,,C00,,0,0,,-1,,False,-1,,False,False,False,0,False,True,98.96633461272098,39.479945542058225,82.59736524728628,2.224020515218701,88.22100067138672,97.03307958749625,3.3910504371003816,99.90866088867188,1800.0681269064366,0.13345511665714405,0.5993327853771356,0.031975679177647355,0.6217989921569824,17245.430463237146,7.603968375822823,57842.490328881046,7.4857057431337415,78.57705098665677,2.7095097619451263,82.83509826660156,1,26450561376.469,22025731343.719,15241505912.548,21517258054.382336,20551801069.1976,0.4597838103647649,0.0,0.0,38612101272.429,1.7944712646398282,0.0,-1,0.04804141006435747
368,27,M,2021,26450561376.469,26450561376.469,0.0,0.0,0.0,0.0,0.0,C,A,20210101,2021,52,699,,,,IRQ,Iraq,0,,,H5,HS,True,,,,C00,,0,0,,-1,,False,-1,,False,False,False,0,False,True,70.95380932944161,64.67659905367715,87.36627697122508,1.5209992746416792,84.1729965209961,101.71535091473226,1.418415954509494,100.45780181884766,1797.6690455845423,1.381993740208598,0.6729171034020026,0.014482286427544424,0.6460660099983215,16026.760651619205,43.699123357837166,53814.12340270749,41.888341273615936,73.93580224048132,0.9172934809251041,74.43119812011719,0,16075481442.959,22965725270.293,9899394735.0,20355646018.99033,17241567740.9038,0.6453977736420609,0.0,0.0,26450561376.469,1.299421367014958,0.0,-1,0.0480003307835416
784,71,M,2021,16217168824.555,16217168824.555,0.0,0.0,0.0,0.0,0.0,C,A,20210101,2021,52,699,,,,ARE,United Arab Emirates,0,,,H5,HS,True,,,,C00,,0,0,,-1,,False,-1,,False,True,False,4,False,True,70.95380932944161,64.67659905367715,87.36627697122508,1.5209992746416792,84.1729965209961,101.71535091473226,1.418415954509494,100.45780181884766,1797.6690455845423,1.381993740208598,0.6729171034020026,0.014482286427544424,0.6460660099983215,16026.760651619205,43.699123357837166,53814.12340270749,41.888341273615936,73.93580224048132,0.9172934809251041,74.43119812011719,0,6818546879.962,7495451290.079,7699232173.0,7684575253.361667,8154862253.6998005,1.3783907495324546,0.0,0.0,16217168824.555,2.110353310348636,0.0,-1,0.04772063500385826
842,27,M,2021,15406460877.422,15406460877.422,0.0,0.0,0.0,0.0,0.0,C,A,20210101,2021,52,699,,,,USA,USA,0,,,H5,HS,True,,,,C00,,0,0,,-1,,False,-1,,False,True,False,4,False,True,70.95380932944161,64.67659905367715,87.36627697122508,1.5209992746416792,84.1729965209961,101.71535091473226,1.418415954509494,100.45780181884766,1797.6690455845423,1.381993740208598,0.6729171034020026,0.014482286427544424,0.6460660099983215,16026.760651619205,43.699123357837166,53814.12340270749,41.888341273615936,73.93580224048132,0.9172934809251041,74.43119812011719,0,6852552664.765,6743316811.26,1355208718.0,7283459622.939,5293925337.6428,1.2482805504932732,0.0,0.0,15406460877.422,2.115266875222304,0.0,-1,0.04748336226657468
36,89,M,2021,3611363.793,3611363.793,0.0,0.0,0.0,0.0,0.0,C,A,20210101,2021,52,699,,,,AUS,Australia,0,,,H5,HS,True,,,,C00,,0,0,,-1,,False,-1,,False,True,False,4,False,True,70.95380932944161,64.67659905367715,87.36627697122508,1.5209992746416792,84.1729965209961,101.71535091473226,1.418415954509494,100.45780181884766,1797.6690455845423,1.381993740208598,0.6729171034020026,0.014482286427544424,0.6460660099983215,16026.760651619205,43.699123357837166,53814.12340270749,41.888341273615936,73.93580224048132,0.9172934809251041,74.43119812011719,0,132.454,32888664.779,130105.0,11005344.809333334,6821845.3571999995,27264.041395503344,0.0,0.0,3611363.793,0.3281463557540969,0.0,-1,0.04694450723540844
156,85,M,2021,26391476139.552,26391476139.552,0.0,0.0,0.0,0.0,0.0,C,A,20210101,2021,52,699,,,,CHN,China,0,,,H5,HS,True,,,,C00,,0,0,,-1,,False,-1,,False,True,False,4,False,True,70.95380932944161,64.67659905367715,87.36627697122508,1.5209992746416792,84.1729965209961,101.71535091473226,1.418415954509494,100.45780181884766,1797.6690455845423,1.381993740208598,0.6729171034020026,0.014482286427544424,0.6460660099983215,16026.760651619205,43.699123357837166,53814.12340270749,41.888341273615936,73.93580224048132,0.9172934809251041,74.43119812011719,0,17842378313.626,23241783011.877,20871192702.0,20350053979.825333,21888491932.3494,0.4791456427867108,0.0,0.0,26391476139.552,1.2968749943226696,0.0,-1,0.04623886889462092
682,27,M,2021,22147160929.893,22147160929.893,0.0,0.0,0.0,0.0,0.0,C,A,20210101,2021,52,699,,,,SAU,Saudi Arabia,0,,,H5,HS,True,,,,C00,,0,0,,-1,,False,-1,,False,False,False,0,False,True,70.95380932944161,64.67659905367715,87.36627697122508,1.5209992746416792,84.1729965209961,101.71535091473226,1.418415954509494,100.45780181884766,1797.6690455845423,1.381993740208598,0.6729171034020026,0.014482286427544424,0.6460660099983215,16026.760651619205,43.699123357837166,53814.12340270749,41.888341273615936,73.93580224048132,0.9172934809251041,74.43119812011719,0,14683027996.679,24363310221.117,13922644970.0,20738127353.367664,18588759707.9608,0.5083510659315118,0.0,0.0,22147160929.893,1.0679441085743224,0.0,-1,0.0453163001514546
784,88,M,2022,1377335884.289,1377335884.289,0.0,0.0,0.0,0.0,0.0,C,A,20220101,2022,52,699,,,,ARE,United Arab Emirates,0,,,H6,HS,True,,,,C00,,0,0,,-1,,False,-1,,False,True,False,4,False,True,98.96633461272098,39.479945542058225,82.59736524728628,2.224020515218701,88.22100067138672,97.03307958749625,3.3910504371003816,99.90866088867188,1800.0681269064366,0.13345511665714405,0.5993327853771356,0.031975679177647355,0.6217989921569824,17245.430463237146,7.603968375822823,57842.490328881046,7.4857057431337415,78.57705098665677,2.7095097619451263,82.83509826660156,1,39195337.627,11658645.691,2118084.523,18166136.468,60790795.452,34.140299017100745,0.0,0.0,1377335884.289,75.81886697345932,0.0,-1,0.045158602198550835
784,27,M,2021,19259893676.874,19259893676.874,0.0,0.0,0.0,0.0,0.0,C,A,20210101,2021,52,699,,,,ARE,United Arab Emirates,0,,,H5,HS,True,,,,C00,,0,0,,-1,,False,-1,,False,True,False,4,False,True,70.95380932944161,64.67659905367715,87.36627697122508,1.5209992746416792,84.1729965209961,101.71535091473226,1.418415954509494,100.45780181884766,1797.6690455845423,1.381993740208598,0.6729171034020026,0.014482286427544424,0.6460660099983215,16026.760651619205,43.699123357837166,53814.12340270749,41.888341273615936,73.93580224048132,0.9172934809251041,74.43119812011719,0,11908140908.794,12865989299.812,8060527450.0,13209406860.672668,11402484564.1928,0.617371999910652,0.0,0.0,19259893676.874,1.4580437925804959,0.0,-1,0.04423856493480305
276,39,M,2025,581041669.059,581041669.059,0.0,0.0,0.0,0.0,0.0,C,A,20250101,2025,52,699,,,,DEU,Germany,276,,,H6,HS,True,,,,C00,,0,0,,-1,,False,-1,,False,True,False,4,False,True,,,,,,,,,,,,,,,,,,,,,1,134426.13,705343022.683,464236428.838,235251488.39033332,361148727.9338,4321.386347498064,0.0,0.0,581041669.059,2.469874571398782,0.0,-1,0.04401909657820047
784,27,M,2022,28252393929.196,28252393929.196,0.0,0.0,0.0,0.0,0.0,C,A,20220101,2022,52,699,,,,ARE,United Arab Emirates,0,,,H6,HS,True,,,,C00,,0,0,,-1,,False,-1,,False,False,False,0,False,True,98.96633461272098,39.479945542058225,82.59736524728628,2.224020515218701,88.22100067138672,97.03307958749625,3.3910504371003816,99.90866088867188,1800.0681269064366,0.13345511665714405,0.5993327853771356,0.031975679177647355,0.6217989921569824,17245.430463237146,7.603968375822823,57842.490328881046,7.4857057431337415,78.57705098665677,2.7095097619451263,82.83509826660156,1,19259893676.874,14854090373.412,9323674788.946,15340708319.693335,13642357809.5676,0.466902902123473,0.0,0.0,28252393929.196,1.8416616325940791,0.0,-1,0.04318320875878057
704,03,X,2015,933632539.0,0.0,933632539.0,0.0,0.0,0.0,0.0,C,A,20150101,2015,52,699,,,,VNM,Vietnam,0,,,H4,HS,True,,,,C00,,0,0,,-1,,False,-1,,False,False,False,0,True,False,53.502261752174014,,71.1216953029121,2.3034035757423967,72.58999633789062,98.0149883401805,3.171270455557014,98.43000030517578,1158.8436502123636,,0.5293063215369009,0.01291713039100009,0.5510900020599365,8283.3866807281,,27349.398301977042,,64.12445996456219,1.6290511382706192,66.45500183105469,0,,,,,,,,,933632539.0,933632539.0,0.0,-1,0.04182747758903793
784,88,X,2015,945646988.0,0.0,945646988.0,0.0,0.0,0.0,0.0,C,A,20150101,2015,52,699,,,,ARE,United Arab Emirates,0,,,H4,HS,True,,,,C00,,0,0,,-1,,False,-1,,False,False,False,0,True,False,53.502261752174014,,71.1216953029121,2.3034035757423967,72.58999633789062,98.0149883401805,3.171270455557014,98.43000030517578,1158.8436502123636,,0.5293063215369009,0.01291713039100009,0.5510900020599365,8283.3866807281,,27349.398301977042,,64.12445996456219,1.6290511382706192,66.45500183105469,0,,,,,,,,,945646988.0,945646988.0,0.0,-1,0.04182747758903793
682,39,M,2015,951546739.0,951546739.0,0.0,0.0,0.0,0.0,0.0,C,A,20150101,2015,52,699,,,,SAU,Saudi Arabia,0,,,H4,HS,True,,,,C00,,0,0,,-1,,False,-1,,False,False,False,0,True,False,53.502261752174014,,71.1216953029121,2.3034035757423967,72.58999633789062,98.0149883401805,3.171270455557014,98.43000030517578,1158.8436502123636,,0.5293063215369009,0.01291713039100009,0.5510900020599365,8283.3866807281,,27349.398301977042,,64.12445996456219,1.6290511382706192,66.45500183105469,0,,,,,,,,,951546739.0,951546739.0,0.0,-1,0.04182747758903793
156,84,M,2021,18796332083.664,18796332083.664,0.0,0.0,0.0,0.0,0.0,C,A,20210101,2021,52,699,,,,CHN,China,0,,,H5,HS,True,,,,C00,,0,0,,-1,,False,-1,,False,True,False,4,False,True,70.95380932944161,64.67659905367715,87.36627697122508,1.5209992746416792,84.1729965209961,101.71535091473226,1.418415954509494,100.45780181884766,1797.6690455845423,1.381993740208598,0.6729171034020026,0.014482286427544424,0.6460660099983215,16026.760651619205,43.699123357837166,53814.12340270749,41.888341273615936,73.93580224048132,0.9172934809251041,74.43119812011719,0,12371502343.92,13621572639.484,10728063761.0,13288696044.524666,12679760783.5354,0.519324942204897,0.0,0.0,18796332083.664,1.4144602315144865,0.0,-1,0.04178027684106078
842,27,M,2022,20684618902.681,20684618902.681,0.0,0.0,0.0,0.0,0.0,C,A,20220101,2022,52,699,,,,USA,USA,0,,,H6,HS,True,,,,C00,,0,0,,-1,,False,-1,,False,True,False,4,False,True,98.96633461272098,39.479945542058225,82.59736524728628,2.224020515218701,88.22100067138672,97.03307958749625,3.3910504371003816,99.90866088867188,1800.0681269064366,0.13345511665714405,0.5993327853771356,0.031975679177647355,0.6217989921569824,17245.430463237146,7.603968375822823,57842.490328881046,7.4857057431337415,78.57705098665677,2.7095097619451263,82.83509826660156,1,15406460877.422,8254509392.792,3264039101.397,10171174311.659668,8104175769.527201,0.3425938031617684,0.0,0.0,20684618902.681,2.0336510091041604,0.0,-1,0.04111295516770852
156,94,M,2024,853611452.256,853611452.256,0.0,0.0,0.0,0.0,0.0,C,A,20240101,2024,52,699,,,,CHN,China,0,,,H6,HS,True,,,,C00,,0,0,,-1,,False,-1,,False,True,False,4,False,True,79.8213096194797,-2.8824868212292354,90.37742212892489,1.379103718282367,88.89199829101562,106.95018267449532,2.0577728939917295,107.63943481445312,2390.006343296596,23.020601040022683,0.5515179845667978,0.018563966771229647,0.5440160036087036,23493.810340447155,24.30198613328052,77296.5194515306,21.456832400224624,83.67036295301132,0.5804118205430948,85.7865982055664,0,110008.333,716495962.711,967793516.743,503658332.37133336,610185648.2401999,7758.516292788476,0.0,0.0,853611452.256,1.6948224567972716,0.0,-1,0.04109499121126592
842,71,X,2021,14105660257.653,0.0,14105660257.653,0.0,0.0,0.0,0.0,C,A,20210101,2021,52,699,,,,USA,USA,0,,,H5,HS,True,,,,C00,,0,0,,-1,,False,-1,,False,True,False,4,False,True,70.95380932944161,64.67659905367715,87.36627697122508,1.5209992746416792,84.1729965209961,101.71535091473226,1.418415954509494,100.45780181884766,1797.6690455845423,1.381993740208598,0.6729171034020026,0.014482286427544424,0.6460660099983215,16026.760651619205,43.699123357837166,53814.12340270749,41.888341273615936,73.93580224048132,0.9172934809251041,74.43119812011719,0,7827002581.839,10494892385.691,9925481032.0,9283285334.279667,9467093578.1404,0.8021790730441785,0.0,0.0,14105660257.653,1.519468566323834,0.0,-1,0.040311931492908126
643,89,X,2023,7174699.541,0.0,7174699.541,0.0,0.0,0.0,0.0,C,A,20230101,2023,52,699,,,,RUS,Russian Federation,0,,,H6,HS,True,,,,C00,,0,0,,-1,,False,-1,,False,True,False,4,False,True,82.19043816798236,-16.951114245451983,89.1475092961238,1.2207693150284755,91.89700317382812,102.69713451678936,2.243170658669431,105.6975555419922,1942.769197265625,7.927537198518797,0.5874903098894999,0.02633055994255835,0.5919479727745056,18900.59127072704,9.597677547210392,63641.145519770405,10.024905839840814,82.57708666874812,0.6018844042643178,82.302001953125,1,1254.432,42494.267,,153514.99399999998,153514.99399999998,5718.480642234892,0.0,0.0,7174699.541,46.736148398637866,0.0,-1,0.039989367382731844
156,85,M,2022,30631676223.099,30631676223.099,0.0,0.0,0.0,0.0,0.0,C,A,20220101,2022,52,699,,,,CHN,China,0,,,H6,HS,True,,,,C00,,0,0,,-1,,False,-1,,False,True,False,4,False,True,98.96633461272098,39.479945542058225,82.59736524728628,2.224020515218701,88.22100067138672,97.03307958749625,3.3910504371003816,99.90866088867188,1800.0681269064366,0.13345511665714405,0.5993327853771356,0.031975679177647355,0.6217989921569824,17245.430463237146,7.603968375822823,57842.490328881046,7.4857057431337415,78.57705098665677,2.7095097619451263,82.83509826660156,1,26391476139.552,19966000613.973,27521105020.271,21399951689.050335,22992548619.8598,0.16066551416547553,0.0,0.0,30631676223.099,1.4313899707900855,0.0,-1,0.039947341051542296
528,27,X,2022,9455201513.905,0.0,9455201513.905,0.0,0.0,0.0,0.0,C,A,20220101,2022,52,699,,,,NLD,Netherlands,0,,,H6,HS,True,,,,C00,,0,0,,-1,,False,-1,,False,True,False,4,False,True,98.96633461272098,39.479945542058225,82.59736524728628,2.224020515218701,88.22100067138672,97.03307958749625,3.3910504371003816,99.90866088867188,1800.0681269064366,0.13345511665714405,0.5993327853771356,0.031975679177647355,0.6217989921569824,17245.430463237146,7.603968375822823,57842.490328881046,7.4857057431337415,78.57705098665677,2.7095097619451263,82.83509826660156,1,3918815917.142,4428442307.714,1469849729.047,3433003735.4476666,3210970628.9596,1.4127700085490866,0.0,0.0,9455201513.905,2.7542065906526125,0.0,-1,0.03975731954407369
156,60,M,2024,653780517.712,653780517.712,0.0,0.0,0.0,0.0,0.0,C,A,20240101,2024,52,699,,,,CHN,China,0,,,H6,HS,True,,,,C00,,0,0,,-1,,False,-1,,False,True,False,4,False,True,79.8213096194797,-2.8824868212292354,90.37742212892489,1.379103718282367,88.89199829101562,106.95018267449532,2.0577728939917295,107.63943481445312,2390.006343296596,23.020601040022683,0.5515179845667978,0.018563966771229647,0.5440160036087036,23493.810340447155,24.30198613328052,77296.5194515306,21.456832400224624,83.67036295301132,0.5804118205430948,85.7865982055664,0,41077.562,493360815.165,403953103.458,347007014.14400005,348679916.64320004,15914.757554257967,0.0,0.0,653780517.712,1.8840556273041096,0.0,-1,0.03773295715415603
156,94,M,2015,913718064.0,913718064.0,0.0,0.0,0.0,0.0,0.0,C,A,20150101,2015,52,699,,,,CHN,China,0,,,H4,HS,True,,,,C00,,0,0,,-1,,False,-1,,False,False,False,0,True,False,53.502261752174014,,71.1216953029121,2.3034035757423967,72.58999633789062,98.0149883401805,3.171270455557014,98.43000030517578,1158.8436502123636,,0.5293063215369009,0.01291713039100009,0.5510900020599365,8283.3866807281,,27349.398301977042,,64.12445996456219,1.6290511382706192,66.45500183105469,0,,,,,,,,,913718064.0,913718064.0,0.0,-1,0.03772130753859593
826,62,X,2015,909339469.0,0.0,909339469.0,0.0,0.0,0.0,0.0,C,A,20150101,2015,52,699,,,,GBR,United Kingdom,0,,,H4,HS,True,,,,C00,,0,0,,-1,,False,-1,,False,False,False,0,True,False,53.502261752174014,,71.1216953029121,2.3034035757423967,72.58999633789062,98.0149883401805,3.171270455557014,98.43000030517578,1158.8436502123636,,0.5293063215369009,0.01291713039100009,0.5510900020599365,8283.3866807281,,27349.398301977042,,64.12445996456219,1.6290511382706192,66.45500183105469,0,,,,,,,,,909339469.0,909339469.0,0.0,-1,0.037019873026474914
156,84,M,2022,21715812533.693,21715812533.693,0.0,0.0,0.0,0.0,0.0,C,A,20220101,2022,52,699,,,,CHN,China,0,,,H6,HS,True,,,,C00,,0,0,,-1,,False,-1,,False,True,False,4,False,True,98.96633461272098,39.479945542058225,82.59736524728628,2.224020515218701,88.22100067138672,97.03307958749625,3.3910504371003816,99.90866088867188,1800.0681269064366,0.13345511665714405,0.5993327853771356,0.031975679177647355,0.6217989921569824,17245.430463237146,7.603968375822823,57842.490328881046,7.4857057431337415,78.57705098665677,2.7095097619451263,82.83509826660156,1,18796332083.664,13873013150.17,12804652023.103,15013615859.251333,14293414448.068201,0.15532181688609004,0.0,0.0,21715812533.693,1.4464078964902916,0.0,-1,0.03573587846277104
36,31,M,2022,147765877.737,147765877.737,0.0,0.0,0.0,0.0,0.0,C,A,20220101,2022,52,699,,,,AUS,Australia,0,,,H6,HS,True,,,,C00,,0,0,,-1,,False,-1,,False,False,False,0,False,True,98.96633461272098,39.479945542058225,82.59736524728628,2.224020515218701,88.22100067138672,97.03307958749625,3.3910504371003816,99.90866088867188,1800.0681269064366,0.13345511665714405,0.5993327853771356,0.031975679177647355,0.6217989921569824,17245.430463237146,7.603968375822823,57842.490328881046,7.4857057431337415,78.57705098665677,2.7095097619451263,82.83509826660156,1,137322.83,48521213.689,606729.328,22288622.25566667,13535560.603400001,1075.047425886868,0.0,0.0,147765877.737,6.6296550788118775,0.0,-1,0.03524830503903864
643,60,M,2025,3602.563,3602.563,0.0,0.0,0.0,0.0,0.0,C,A,20250101,2025,52,699,,,,RUS,Russian Federation,0,,,H6,HS,True,,,,C00,,0,0,,-1,,False,-1,,False,False,False,0,False,True,,,,,,,,,,,,,,,,,,,,,1,3.72,,,3.72,3.72,967.4309139784947,0.0,0.0,3602.563,968.4309139784946,0.0,-1,0.03506929784820012
842,54,M,2024,23054392.032,23054392.032,0.0,0.0,0.0,0.0,0.0,C,A,20240101,2024,52,699,,,,USA,USA,842,,,H6,HS,True,,,,C00,,0,0,,-1,,False,-1,,False,True,False,4,False,True,79.8213096194797,-2.8824868212292354,90.37742212892489,1.379103718282367,88.89199829101562,106.95018267449532,2.0577728939917295,107.63943481445312,2390.006343296596,23.020601040022683,0.5515179845667978,0.018563966771229647,0.5440160036087036,23493.810340447155,24.30198613328052,77296.5194515306,21.456832400224624,83.67036295301132,0.5804118205430948,85.7865982055664,0,130.192,22041698.378,22106986.655,16366512.831666669,17790591.7574,177078.94371389947,0.0,0.0,23054392.032,1.4086318978953978,0.0,-1,0.03500765314652732
826,61,X,2015,897694667.0,0.0,897694667.0,0.0,0.0,0.0,0.0,C,A,20150101,2015,52,699,,,,GBR,United Kingdom,0,,,H4,HS,True,,,,C00,,0,0,,-1,,False,-1,,False,False,False,0,True,False,53.502261752174014,,71.1216953029121,2.3034035757423967,72.58999633789062,98.0149883401805,3.171270455557014,98.43000030517578,1158.8436502123636,,0.5293063215369009,0.01291713039100009,0.5510900020599365,8283.3866807281,,27349.398301977042,,64.12445996456219,1.6290511382706192,66.45500183105469,0,,,,,,,,,897694667.0,897694667.0,0.0,-1,0.034979319008630605
276,32,M,2025,139913870.63,139913870.63,0.0,0.0,0.0,0.0,0.0,C,A,20250101,2025,52,699,,,,DEU,Germany,276,,,H6,HS,True,,,,C00,,0,0,,-1,,False,-1,,False,True,False,4,False,True,,,,,,,,,,,,,,,,,,,,,1,12308.074,144254449.237,112960933.47,48120415.467333324,80504421.0864,11366.649449458948,0.0,0.0,139913870.63,2.907578192565293,0.0,-1,0.03454587941396292
276,87,M,2015,879930032.0,879930032.0,0.0,0.0,0.0,0.0,0.0,C,A,20150101,2015,52,699,,,,DEU,Germany,0,,,H4,HS,True,,,,C00,,0,0,,-1,,False,-1,,False,False,False,0,True,False,53.502261752174014,,71.1216953029121,2.3034035757423967,72.58999633789062,98.0149883401805,3.171270455557014,98.43000030517578,1158.8436502123636,,0.5293063215369009,0.01291713039100009,0.5510900020599365,8283.3866807281,,27349.398301977042,,64.12445996456219,1.6290511382706192,66.45500183105469,0,,,,,,,,,879930032.0,879930032.0,0.0,-1,0.03428066587276313
156,89,M,2015,877552312.0,877552312.0,0.0,0.0,0.0,0.0,0.0,C,A,20150101,2015,52,699,,,,CHN,China,0,,,H4,HS,True,,,,C00,,0,0,,-1,,False,-1,,False,False,False,0,True,False,53.502261752174014,,71.1216953029121,2.3034035757423967,72.58999633789062,98.0149883401805,3.171270455557014,98.43000030517578,1158.8436502123636,,0.5293063215369009,0.01291713039100009,0.5510900020599365,8283.3866807281,,27349.398301977042,,64.12445996456219,1.6290511382706192,66.45500183105469,0,,,,,,,,,877552312.0,877552312.0,0.0,-1,0.03428066587276313
156,29,X,2015,868319477.0,0.0,868319477.0,0.0,0.0,0.0,0.0,C,A,20150101,2015,52,699,,,,CHN,China,0,,,H4,HS,True,,,,C00,,0,0,,-1,,False,-1,,False,False,False,0,True,False,53.502261752174014,,71.1216953029121,2.3034035757423967,72.58999633789062,98.0149883401805,3.171270455557014,98.43000030517578,1158.8436502123636,,0.5293063215369009,0.01291713039100009,0.5510900020599365,8283.3866807281,,27349.398301977042,,64.12445996456219,1.6290511382706192,66.45500183105469,0,,,,,,,,,868319477.0,868319477.0,0.0,-1,0.03404793901611047
704,06,M,2025,94781.146,94781.146,0.0,0.0,0.0,0.0,0.0,C,A,20250101,2025,52,699,,,,VNM,Vietnam,0,,,H6,HS,True,,,,C00,,0,0,,-1,,False,-1,,False,False,False,0,False,True,,,,,,,,,,,,,,,,,,,,,1,29.864,7970.944,2572.701,9207.691666666668,19890.858799999998,3172.7592418965974,0.0,0.0,94781.146,10.2936924292462,0.0,-1,0.03389486920417106
842,85,X,2025,25771044281.977,0.0,25771044281.977,0.0,0.0,0.0,0.0,C,A,20250101,2025,52,699,,,,USA,USA,0,,,H6,HS,True,,,,C00,,0,0,,-1,,False,-1,,False,True,False,4,False,True,,,,,,,,,,,,,,,,,,,,,1,12333760309.423,5396643030.756,2738306174.34,9207510506.559,6746863958.925,1.0894717941200711,0.0,0.0,25771044281.977,2.7989155443937768,0.0,-1,0.03378124232115076
36,27,M,2022,16020011008.408,16020011008.408,0.0,0.0,0.0,0.0,0.0,C,A,20220101,2022,52,699,,,,AUS,Australia,0,,,H6,HS,True,,,,C00,,0,0,,-1,,False,-1,,False,True,False,4,False,True,98.96633461272098,39.479945542058225,82.59736524728628,2.224020515218701,88.22100067138672,97.03307958749625,3.3910504371003816,99.90866088867188,1800.0681269064366,0.13345511665714405,0.5993327853771356,0.031975679177647355,0.6217989921569824,17245.430463237146,7.603968375822823,57842.490328881046,7.4857057431337415,78.57705098665677,2.7095097619451263,82.83509826660156,1,11412823003.905,8224213309.329,9040530219.06,8397907406.386334,8906732259.0576,0.40368522344792424,0.0,0.0,16020011008.408,1.90761939054309,0.0,-1,0.03364658761461792
156,73,M,2024,2189916248.388,2189916248.388,0.0,0.0,0.0,0.0,0.0,C,A,20240101,2024,52,699,,,,CHN,China,0,,,H6,HS,True,,,,C00,,0,0,,-1,,False,-1,,False,True,False,4,False,True,79.8213096194797,-2.8824868212292354,90.37742212892489,1.379103718282367,88.89199829101562,106.95018267449532,2.0577728939917295,107.63943481445312,2390.006343296596,23.020601040022683,0.5515179845667978,0.018563966771229647,0.5440160036087036,23493.810340447155,24.30198613328052,77296.5194515306,21.456832400224624,83.67036295301132,0.5804118205430948,85.7865982055664,0,1646640.479,1627609330.884,1696866060.892,1173914284.5683334,1290621224.3425999,1328.9298033277607,0.0,0.0,2189916248.388,1.8654822393555475,0.0,-1,0.033606311020100144
156,29,M,2021,11863208814.146,11863208814.146,0.0,0.0,0.0,0.0,0.0,C,A,20210101,2021,52,699,,,,CHN,China,0,,,H5,HS,True,,,,C00,,0,0,,-1,,False,-1,,False,True,False,4,False,True,70.95380932944161,64.67659905367715,87.36627697122508,1.5209992746416792,84.1729965209961,101.71535091473226,1.418415954509494,100.45780181884766,1797.6690455845423,1.381993740208598,0.6729171034020026,0.014482286427544424,0.6460660099983215,16026.760651619205,43.699123357837166,53814.12340270749,41.888341273615936,73.93580224048132,0.9172934809251041,74.43119812011719,0,8198196738.423,8522876113.154,5585552726.0,8317801519.916333,7421059309.2488,0.4470510031243772,0.0,0.0,11863208814.146,1.4262433151044134,0.0,-1,0.03352434068924526
36,27,M,2021,11412823003.905,11412823003.905,0.0,0.0,0.0,0.0,0.0,C,A,20210101,2021,52,699,,,,AUS,Australia,0,,,H5,HS,True,,,,C00,,0,0,,-1,,False,-1,,False,True,False,4,False,True,70.95380932944161,64.67659905367715,87.36627697122508,1.5209992746416792,84.1729965209961,101.71535091473226,1.418415954509494,100.45780181884766,1797.6690455845423,1.381993740208598,0.6729171034020026,0.014482286427544424,0.6460660099983215,16026.760651619205,43.699123357837166,53814.12340270749,41.888341273615936,73.93580224048132,0.9172934809251041,74.43119812011719,0,5556685905.925,10299408857.069,5339415928.0,8026769357.441001,7692050843.8766,1.053890249894402,0.0,0.0,11412823003.905,1.4218451403895205,0.0,-1,0.03339156655227926
458,89,X,2015,858829303.0,0.0,858829303.0,0.0,0.0,0.0,0.0,C,A,20150101,2015,52,699,,,,MYS,Malaysia,0,,,H4,HS,True,,,,C00,,0,0,,-1,,False,-1,,False,False,False,0,True,False,53.502261752174014,,71.1216953029121,2.3034035757423967,72.58999633789062,98.0149883401805,3.171270455557014,98.43000030517578,1158.8436502123636,,0.5293063215369009,0.01291713039100009,0.5510900020599365,8283.3866807281,,27349.398301977042,,64.12445996456219,1.6290511382706192,66.45500183105469,0,,,,,,,,,858829303.0,858829303.0,0.0,-1,0.033350230639189404
528,27,X,2023,14991665305.551,0.0,14991665305.551,0.0,0.0,0.0,0.0,C,A,20230101,2023,52,699,,,,NLD,Netherlands,0,,,H6,HS,True,,,,C00,,0,0,,-1,,False,-1,,False,True,False,4,False,True,82.19043816798236,-16.951114245451983,89.1475092961238,1.2207693150284755,91.89700317382812,102.69713451678936,2.243170658669431,105.6975555419922,1942.769197265625,7.927537198518797,0.5874903098894999,0.02633055994255835,0.5919479727745056,18900.59127072704,9.597677547210392,63641.145519770405,10.024905839840814,82.57708666874812,0.6018844042643178,82.302001953125,1,9455201513.905,1951752981.487,4285992209.408,5108590137.511333,4808040985.9312,0.585546884802399,0.0,0.0,14991665305.551,2.9345993516822313,0.0,-1,0.032883525408888614
842,94,M,2024,16598848.818,16598848.818,0.0,0.0,0.0,0.0,0.0,C,A,20240101,2024,52,699,,,,USA,USA,276,,,H6,HS,True,,,,C00,,0,0,,-1,,False,-1,,False,True,False,4,False,True,79.8213096194797,-2.8824868212292354,90.37742212892489,1.379103718282367,88.89199829101562,106.95018267449532,2.0577728939917295,107.63943481445312,2390.006343296596,23.020601040022683,0.5515179845667978,0.018563966771229647,0.5440160036087036,23493.810340447155,24.30198613328052,77296.5194515306,21.456832400224624,83.67036295301132,0.5804118205430948,85.7865982055664,0,115.846,42819636.868,50140012.069,39383092.07633333,41637111.6078,143282.7458177235,0.0,0.0,16598848.818,0.42147144733652914,0.0,-1,0.032635992880403086
368,76,M,2025,2919425.651,2919425.651,0.0,0.0,0.0,0.0,0.0,C,A,20250101,2025,52,699,,,,IRQ,Iraq,0,,,H6,HS,True,,,,C00,,0,0,,-1,,False,-1,,False,False,False,0,False,True,,,,,,,,,,,,,,,,,,,,,1,1526.955,71843.051,,105826.32,105826.32,1910.9264490440125,0.0,0.0,2919425.651,27.586952385758096,0.0,-1,0.03248193050267745
528,10,M,2021,46286.626,46286.626,0.0,0.0,0.0,0.0,0.0,C,A,20210101,2021,52,699,,,,NLD,Netherlands,0,,,H5,HS,True,,,,C00,,0,0,,-1,,False,-1,,False,False,False,0,False,True,70.95380932944161,64.67659905367715,87.36627697122508,1.5209992746416792,84.1729965209961,101.71535091473226,1.418415954509494,100.45780181884766,1797.6690455845423,1.381993740208598,0.6729171034020026,0.014482286427544424,0.6460660099983215,16026.760651619205,43.699123357837166,53814.12340270749,41.888341273615936,73.93580224048132,0.9172934809251041,74.43119812011719,0,59.12,9.0,,37.76733333333333,37.76733333333333,781.9266914749661,0.0,0.0,46286.626,1225.5730525498225,0.0,-1,0.032419013274080144
702,89,X,2015,850485684.0,0.0,850485684.0,0.0,0.0,0.0,0.0,C,A,20150101,2015,52,699,,,,SGP,Singapore,0,,,H4,HS,True,,,,C00,,0,0,,-1,,False,-1,,False,False,False,0,True,False,53.502261752174014,,71.1216953029121,2.3034035757423967,72.58999633789062,98.0149883401805,3.171270455557014,98.43000030517578,1158.8436502123636,,0.5293063215369009,0.01291713039100009,0.5510900020599365,8283.3866807281,,27349.398301977042,,64.12445996456219,1.6290511382706192,66.45500183105469,0,,,,,,,,,850485684.0,850485684.0,0.0,-1,0.031956936359604504
458,47,X,2023,78853.337,0.0,78853.337,0.0,0.0,0.0,0.0,C,A,20230101,2023,52,699,,,,MYS,Malaysia,0,,,H6,HS,True,,,,C00,,0,0,,-1,,False,-1,,False,False,False,0,False,True,82.19043816798236,-16.951114245451983,89.1475092961238,1.2207693150284755,91.89700317382812,102.69713451678936,2.243170658669431,105.6975555419922,1942.769197265625,7.927537198518797,0.5874903098894999,0.02633055994255835,0.5919479727745056,18900.59127072704,9.597677547210392,63641.145519770405,10.024905839840814,82.57708666874812,0.6018844042643178,82.302001953125,1,4.694,11560.13,304.0,4845.747,3070.8874,16797.750958670644,0.0,0.0,78853.337,16.2726896389762,0.0,-1,0.03173716624024847
276,37,M,2024,8030296.411,8030296.411,0.0,0.0,0.0,0.0,0.0,C,A,20240101,2024,52,699,,,,DEU,Germany,0,,,H6,HS,True,,,,C00,,0,0,,-1,,False,-1,,False,True,False,4,False,True,79.8213096194797,-2.8824868212292354,90.37742212892489,1.379103718282367,88.89199829101562,106.95018267449532,2.0577728939917295,107.63943481445312,2390.006343296596,23.020601040022683,0.5515179845667978,0.018563966771229647,0.5440160036087036,23493.810340447155,24.30198613328052,77296.5194515306,21.456832400224624,83.67036295301132,0.5804118205430948,85.7865982055664,0,111.112,1438961.275,1889075.98,1626868.2883333333,1828044.0601999997,72271.08952228383,0.0,0.0,8030296.411,4.936045817960312,0.0,-1,0.031647255726090506
156,80,M,2024,11621713.046,11621713.046,0.0,0.0,0.0,0.0,0.0,C,A,20240101,2024,52,699,,,,CHN,China,0,,,H6,HS,True,,,,C00,,0,0,,-1,,False,-1,,False,True,False,4,False,True,79.8213096194797,-2.8824868212292354,90.37742212892489,1.379103718282367,88.89199829101562,106.95018267449532,2.0577728939917295,107.63943481445312,2390.006343296596,23.020601040022683,0.5515179845667978,0.018563966771229647,0.5440160036087036,23493.810340447155,24.30198613328052,77296.5194515306,21.456832400224624,83.67036295301132,0.5804118205430948,85.7865982055664,0,91.5,4027717.449,6863979.148,2548150.103333333,3493208.5468,127012.25733333333,0.0,0.0,11621713.046,4.560843190044884,0.0,-1,0.031647255726090506
156,92,M,2024,36402364.346,36402364.346,0.0,0.0,0.0,0.0,0.0,C,A,20240101,2024,52,699,,,,CHN,China,0,,,H6,HS,True,,,,C00,,0,0,,-1,,False,-1,,False,True,False,4,False,True,79.8213096194797,-2.8824868212292354,90.37742212892489,1.379103718282367,88.89199829101562,106.95018267449532,2.0577728939917295,107.63943481445312,2390.006343296596,23.020601040022683,0.5515179845667978,0.018563966771229647,0.5440160036087036,23493.810340447155,24.30198613328052,77296.5194515306,21.456832400224624,83.67036295301132,0.5804118205430948,85.7865982055664,0,553.165,34231337.891,32434397.609,22533060.118,25185789.0972,65806.42517332081,0.0,0.0,36402364.346,1.6155091299348567,0.0,-1,0.03154632210670305
842,08,M,2024,1096655588.314,1096655588.314,0.0,0.0,0.0,0.0,0.0,C,A,20240101,2024,52,699,,,,USA,USA,842,,,H6,HS,True,,,,C00,,0,0,,-1,,False,-1,,False,True,False,4,False,True,79.8213096194797,-2.8824868212292354,90.37742212892489,1.379103718282367,88.89199829101562,106.95018267449532,2.0577728939917295,107.63943481445312,2390.006343296596,23.020601040022683,0.5515179845667978,0.018563966771229647,0.5440160036087036,23493.810340447155,24.30198613328052,77296.5194515306,21.456832400224624,83.67036295301132,0.5804118205430948,85.7865982055664,0,402964.133,864751597.206,854434298.08,627969970.8173333,726851691.6606,2720.4719586817423,0.0,0.0,1096655588.314,1.7463503659046777,0.0,-1,0.031161980415768786
842,83,M,2024,2038423.654,2038423.654,0.0,0.0,0.0,0.0,0.0,C,A,20240101,2024,52,699,,,,USA,USA,702,,,H6,HS,True,,,,C00,,0,0,,-1,,False,-1,,False,True,False,4,False,True,79.8213096194797,-2.8824868212292354,90.37742212892489,1.379103718282367,88.89199829101562,106.95018267449532,2.0577728939917295,107.63943481445312,2390.006343296596,23.020601040022683,0.5515179845667978,0.018563966771229647,0.5440160036087036,23493.810340447155,24.30198613328052,77296.5194515306,21.456832400224624,83.67036295301132,0.5804118205430948,85.7865982055664,0,19.891,49656500.603,45995298.213,38233811.01833333,40257463.66,102478.69704891661,0.0,0.0,2038423.654,0.0533146866531972,0.0,-1,0.030107739153241275
682,27,M,2020,14683027996.679,14683027996.679,0.0,0.0,0.0,0.0,0.0,C,A,20200101,2020,52,699,,,,SAU,Saudi Arabia,0,,,H5,HS,True,,,,C00,,0,0,,-1,,False,-1,,False,True,False,4,False,True,43.086758979224406,-32.84549157946846,84.50785661653708,3.548502407291178,89.9540023803711,95.31910740510197,2.4186207367831445,99.96320343017578,1773.164029690588,27.31641696012572,0.6934796790130265,0.020974948014682814,0.7089869976043701,11152.99820703125,-2.4733869614795068,37927.09317739709,-1.1590201568867697,74.22281195371205,1.6159365839212578,73.13400268554688,1,23168043842.307,16806771509.701,16347779353.0,21446041857.708332,18921709979.225,-0.3662379052535101,0.0,0.0,14683027996.679,0.6846497873173503,0.0,-1,0.030038242800940584
156,85,M,2020,17842378313.626,17842378313.626,0.0,0.0,0.0,0.0,0.0,C,A,20200101,2020,52,699,,,,CHN,China,0,,,H5,HS,True,,,,C00,,0,0,,-1,,False,-1,,False,True,False,4,False,True,43.086758979224406,-32.84549157946846,84.50785661653708,3.548502407291178,89.9540023803711,95.31910740510197,2.4186207367831445,99.96320343017578,1773.164029690588,27.31641696012572,0.6934796790130265,0.020974948014682814,0.7089869976043701,11152.99820703125,-2.4733869614795068,37927.09317739709,-1.1590201568867697,74.22281195371205,1.6159365839212578,73.13400268554688,1,19966000613.973,27521105020.271,19352567577.0,23576296215.37367,22190529785.0242,-0.10636192702813026,0.0,0.0,17842378313.626,0.756793100605485,0.0,-1,0.029527795039746563
528,79,X,2022,21937243.095,0.0,21937243.095,0.0,0.0,0.0,0.0,C,A,20220101,2022,52,699,,,,NLD,Netherlands,0,,,H6,HS,True,,,,C00,,0,0,,-1,,False,-1,,False,True,False,4,False,True,98.96633461272098,39.479945542058225,82.59736524728628,2.224020515218701,88.22100067138672,97.03307958749625,3.3910504371003816,99.90866088867188,1800.0681269064366,0.13345511665714405,0.5993327853771356,0.031975679177647355,0.6217989921569824,17245.430463237146,7.603968375822823,57842.490328881046,7.4857057431337415,78.57705098665677,2.7095097619451263,82.83509826660156,1,65297.227,82354.153,118006.968,83436.105,91988.18460000001,334.95979650100605,0.0,0.0,21937243.095,262.9226651339969,0.0,-1,0.029500499669162794
682,91,M,2021,4070.391,4070.391,0.0,0.0,0.0,0.0,0.0,C,A,20210101,2021,52,699,,,,SAU,Saudi Arabia,0,,,H5,HS,True,,,,C00,,0,0,,-1,,False,-1,,False,True,False,4,False,True,70.95380932944161,64.67659905367715,87.36627697122508,1.5209992746416792,84.1729965209961,101.71535091473226,1.418415954509494,100.45780181884766,1797.6690455845423,1.381993740208598,0.6729171034020026,0.014482286427544424,0.6460660099983215,16026.760651619205,43.699123357837166,53814.12340270749,41.888341273615936,73.93580224048132,0.9172934809251041,74.43119812011719,0,2.898,1814.0,,610.776,1434.582,1403.5517598343683,0.0,0.0,4070.391,6.664294274824159,0.0,-1,0.029356008501133846
36,26,M,2015,835561311.0,835561311.0,0.0,0.0,0.0,0.0,0.0,C,A,20150101,2015,52,699,,,,AUS,Australia,0,,,H4,HS,True,,,,C00,,0,0,,-1,,False,-1,,False,False,False,0,True,False,53.502261752174014,,71.1216953029121,2.3034035757423967,72.58999633789062,98.0149883401805,3.171270455557014,98.43000030517578,1158.8436502123636,,0.5293063215369009,0.01291713039100009,0.5510900020599365,8283.3866807281,,27349.398301977042,,64.12445996456219,1.6290511382706192,66.45500183105469,0,,,,,,,,,835561311.0,835561311.0,0.0,-1,0.028822697724119717
643,17,M,2025,38645.909,38645.909,0.0,0.0,0.0,0.0,0.0,C,A,20250101,2025,52,699,,,,RUS,Russian Federation,0,,,H6,HS,True,,,,C00,,0,0,,-1,,False,-1,,False,False,False,0,False,True,,,,,,,,,,,,,,,,,,,,,1,47.749,149.46,,88.96933333333334,88.96933333333334,808.3553582273973,0.0,0.0,38645.909,434.3733683516417,0.0,-1,0.028818451795994182
784,71,M,2022,14775376550.162,14775376550.162,0.0,0.0,0.0,0.0,0.0,C,A,20220101,2022,52,699,,,,ARE,United Arab Emirates,0,,,H6,HS,True,,,,C00,,0,0,,-1,,False,-1,,False,True,False,4,False,True,98.96633461272098,39.479945542058225,82.59736524728628,2.224020515218701,88.22100067138672,97.03307958749625,3.3910504371003816,99.90866088867188,1800.0681269064366,0.13345511665714405,0.5993327853771356,0.031975679177647355,0.6217989921569824,17245.430463237146,7.603968375822823,57842.490328881046,7.4857057431337415,78.57705098665677,2.7095097619451263,82.83509826660156,1,16217168824.555,8739727590.044,10021353335.414,10591814431.520334,9858449584.0108,-0.08890530091848893,0.0,0.0,14775376550.162,1.39498068491379,0.0,-1,0.028607985085486787
368,27,M,2020,16075481442.959,16075481442.959,0.0,0.0,0.0,0.0,0.0,C,A,20200101,2020,52,699,,,,IRQ,Iraq,0,,,H5,HS,True,,,,C00,,0,0,,-1,,False,-1,,False,False,False,0,False,True,43.086758979224406,-32.84549157946846,84.50785661653708,3.548502407291178,89.9540023803711,95.31910740510197,2.4186207367831445,99.96320343017578,1773.164029690588,27.31641696012572,0.6934796790130265,0.020974948014682814,0.7089869976043701,11152.99820703125,-2.4733869614795068,37927.09317739709,-1.1590201568867697,74.22281195371205,1.6159365839212578,73.13400268554688,1,22025731343.719,15241505912.548,11239106374.0,20077654175.52,16274292727.112,-0.2701499354506934,0.0,0.0,16075481442.959,0.8006653218760629,0.0,-1,0.02860378691142651
842,39,M,2015,817286802.0,817286802.0,0.0,0.0,0.0,0.0,0.0,C,A,20150101,2015,52,699,,,,USA,USA,0,,,H4,HS,True,,,,C00,,0,0,,-1,,False,-1,,False,False,False,0,True,False,53.502261752174014,,71.1216953029121,2.3034035757423967,72.58999633789062,98.0149883401805,3.171270455557014,98.43000030517578,1158.8436502123636,,0.5293063215369009,0.01291713039100009,0.5510900020599365,8283.3866807281,,27349.398301977042,,64.12445996456219,1.6290511382706192,66.45500183105469,0,,,,,,,,,817286802.0,817286802.0,0.0,-1,0.028591816948470017
826,89,X,2022,184999831.215,0.0,184999831.215,0.0,0.0,0.0,0.0,C,A,20220101,2022,52,699,,,,GBR,United Kingdom,0,,,H6,HS,True,,,,C00,,0,0,,-1,,False,-1,,False,False,False,0,False,True,98.96633461272098,39.479945542058225,82.59736524728628,2.224020515218701,88.22100067138672,97.03307958749625,3.3910504371003816,99.90866088867188,1800.0681269064366,0.13345511665714405,0.5993327853771356,0.031975679177647355,0.6217989921569824,17245.430463237146,7.603968375822823,57842.490328881046,7.4857057431337415,78.57705098665677,2.7095097619451263,82.83509826660156,1,85053.0,9389127.237,1030761.702,67421068.28966667,40673117.2812,2174.112356001552,0.0,0.0,184999831.215,2.7439468983221986,0.0,-1,0.028542789973450833
842,71,X,2022,13664317823.195,0.0,13664317823.195,0.0,0.0,0.0,0.0,C,A,20220101,2022,52,699,,,,USA,USA,0,,,H6,HS,True,,,,C00,,0,0,,-1,,False,-1,,False,True,False,4,False,True,98.96633461272098,39.479945542058225,82.59736524728628,2.224020515218701,88.22100067138672,97.03307958749625,3.3910504371003816,99.90866088867188,1800.0681269064366,0.13345511665714405,0.5993327853771356,0.031975679177647355,0.6217989921569824,17245.430463237146,7.603968375822823,57842.490328881046,7.4857057431337415,78.57705098665677,2.7095097619451263,82.83509826660156,1,14105660257.653,9527961035.309,9560130855.863,10486874624.933666,10303129423.271,-0.031288321595478,0.0,0.0,13664317823.195,1.3029923892392707,0.0,-1,0.02837717693336872
156,29,M,2022,13552914704.775,13552914704.775,0.0,0.0,0.0,0.0,0.0,C,A,20220101,2022,52,699,,,,CHN,China,0,,,H6,HS,True,,,,C00,,0,0,,-1,,False,-1,,False,True,False,4,False,True,98.96633461272098,39.479945542058225,82.59736524728628,2.224020515218701,88.22100067138672,97.03307958749625,3.3910504371003816,99.90866088867188,1800.0681269064366,0.13345511665714405,0.5993327853771356,0.031975679177647355,0.6217989921569824,17245.430463237146,7.603968375822823,57842.490328881046,7.4857057431337415,78.57705098665677,2.7095097619451263,82.83509826660156,1,11863208814.146,8232331708.172,6566339260.495,9431245753.580332,8676590526.878,0.14243244952530468,0.0,0.0,13552914704.775,1.437022749580031,0.0,-1,0.02805419245196472
643,78,X,2022,191679.275,0.0,191679.275,0.0,0.0,0.0,0.0,C,A,20220101,2022,52,699,,,,RUS,Russian Federation,0,,,H6,HS,True,,,,C00,,0,0,,-1,,False,-1,,False,False,False,0,False,True,98.96633461272098,39.479945542058225,82.59736524728628,2.224020515218701,88.22100067138672,97.03307958749625,3.3910504371003816,99.90866088867188,1800.0681269064366,0.13345511665714405,0.5993327853771356,0.031975679177647355,0.6217989921569824,17245.430463237146,7.603968375822823,57842.490328881046,7.4857057431337415,78.57705098665677,2.7095097619451263,82.83509826660156,1,680.807,,,680.807,680.807,280.54715653628705,0.0,0.0,191679.275,281.54715653628705,0.0,-1,0.02764424582446101
842,76,M,2025,880452503.248,880452503.248,0.0,0.0,0.0,0.0,0.0,C,A,20250101,2025,52,699,,,,USA,USA,842,,,H6,HS,True,,,,C00,,0,0,,-1,,False,-1,,False,True,False,4,False,True,,,,,,,,,,,,,,,,,,,,,1,1379747.111,1154437413.753,476294961.338,385915588.6806667,493002130.1684,637.1259987635517,0.0,0.0,880452503.248,2.2814639498186935,0.0,-1,0.027469436929225433
360,51,M,2022,1656726.874,1656726.874,0.0,0.0,0.0,0.0,0.0,C,A,20220101,2022,52,699,,,,IDN,Indonesia,0,,,H6,HS,True,,,,C00,,0,0,,-1,,False,-1,,False,True,False,4,False,True,98.96633461272098,39.479945542058225,82.59736524728628,2.224020515218701,88.22100067138672,97.03307958749625,3.3910504371003816,99.90866088867188,1800.0681269064366,0.13345511665714405,0.5993327853771356,0.031975679177647355,0.6217989921569824,17245.430463237146,7.603968375822823,57842.490328881046,7.4857057431337415,78.57705098665677,2.7095097619451263,82.83509826660156,1,6095.609,,,3067.3300000000004,3067.3300000000004,270.7902139064366,0.0,0.0,1656726.874,540.1201937841705,0.0,-1,0.027345497891965387
702,27,M,2015,807020020.0,807020020.0,0.0,0.0,0.0,0.0,0.0,C,A,20150101,2015,52,699,,,,SGP,Singapore,0,,,H4,HS,True,,,,C00,,0,0,,-1,,False,-1,,False,False,False,0,True,False,53.502261752174014,,71.1216953029121,2.3034035757423967,72.58999633789062,98.0149883401805,3.171270455557014,98.43000030517578,1158.8436502123636,,0.5293063215369009,0.01291713039100009,0.5510900020599365,8283.3866807281,,27349.398301977042,,64.12445996456219,1.6290511382706192,66.45500183105469,0,,,,,,,,,807020020.0,807020020.0,0.0,-1,0.026909614556075434
156,28,M,2024,1236164037.079,1236164037.079,0.0,0.0,0.0,0.0,0.0,C,A,20240101,2024,52,699,,,,CHN,China,0,,,H6,HS,True,,,,C00,,0,0,,-1,,False,-1,,False,True,False,4,False,True,79.8213096194797,-2.8824868212292354,90.37742212892489,1.379103718282367,88.89199829101562,106.95018267449532,2.0577728939917295,107.63943481445312,2390.006343296596,23.020601040022683,0.5515179845667978,0.018563966771229647,0.5440160036087036,23493.810340447155,24.30198613328052,77296.5194515306,21.456832400224624,83.67036295301132,0.5804118205430948,85.7865982055664,0,652932.661,881314793.949,791043559.305,703030347.804,704034277.5569999,1892.2488921380516,0.0,0.0,1236164037.079,1.7583366648969099,0.0,-1,0.02686053131823496
842,34,M,2024,141560841.126,141560841.126,0.0,0.0,0.0,0.0,0.0,C,A,20240101,2024,52,699,,,,USA,USA,842,,,H6,HS,True,,,,C00,,0,0,,-1,,False,-1,,False,True,False,4,False,True,79.8213096194797,-2.8824868212292354,90.37742212892489,1.379103718282367,88.89199829101562,106.95018267449532,2.0577728939917295,107.63943481445312,2390.006343296596,23.020601040022683,0.5515179845667978,0.018563966771229647,0.5440160036087036,23493.810340447155,24.30198613328052,77296.5194515306,21.456832400224624,83.67036295301132,0.5804118205430948,85.7865982055664,0,3107.226,152002992.26,114235257.969,108158022.541,109293955.5678,45557.59185202492,0.0,0.0,141560841.126,1.3088334808667366,0.0,-1,0.026543233331640104
842,85,X,2023,9892128179.498,0.0,9892128179.498,0.0,0.0,0.0,0.0,C,A,20230101,2023,52,699,,,,USA,USA,0,,,H6,HS,True,,,,C00,,0,0,,-1,,False,-1,,False,True,False,4,False,True,82.19043816798236,-16.951114245451983,89.1475092961238,1.2207693150284755,91.89700317382812,102.69713451678936,2.243170658669431,105.6975555419922,1942.769197265625,7.927537198518797,0.5874903098894999,0.02633055994255835,0.5919479727745056,18900.59127072704,9.597677547210392,63641.145519770405,10.024905839840814,82.57708666874812,0.6018844042643178,82.302001953125,1,5396643030.756,2738306174.34,1671844823.24,3836143768.5679994,3084995639.968,0.8330151027447595,0.0,0.0,9892128179.498,2.578664611204248,0.0,-1,0.02651869933601303
842,29,M,2015,800102029.0,800102029.0,0.0,0.0,0.0,0.0,0.0,C,A,20150101,2015,52,699,,,,USA,USA,0,,,H4,HS,True,,,,C00,,0,0,,-1,,False,-1,,False,False,False,0,True,False,53.502261752174014,,71.1216953029121,2.3034035757423967,72.58999633789062,98.0149883401805,3.171270455557014,98.43000030517578,1158.8436502123636,,0.5293063215369009,0.01291713039100009,0.5510900020599365,8283.3866807281,,27349.398301977042,,64.12445996456219,1.6290511382706192,66.45500183105469,0,,,,,,,,,800102029.0,800102029.0,0.0,-1,0.026449225025067524
842,57,X,2015,793767570.0,0.0,793767570.0,0.0,0.0,0.0,0.0,C,A,20150101,2015,52,699,,,,USA,USA,0,,,H4,HS,True,,,,C00,,0,0,,-1,,False,-1,,False,False,False,0,True,False,53.502261752174014,,71.1216953029121,2.3034035757423967,72.58999633789062,98.0149883401805,3.171270455557014,98.43000030517578,1158.8436502123636,,0.5293063215369009,0.01291713039100009,0.5510900020599365,8283.3866807281,,27349.398301977042,,64.12445996456219,1.6290511382706192,66.45500183105469,0,,,,,,,,,793767570.0,793767570.0,0.0,-1,0.026449225025067524
784,89,X,2015,792721727.0,0.0,792721727.0,0.0,0.0,0.0,0.0,C,A,20150101,2015,52,699,,,,ARE,United Arab Emirates,0,,,H4,HS,True,,,,C00,,0,0,,-1,,False,-1,,False,False,False,0,True,False,53.502261752174014,,71.1216953029121,2.3034035757423967,72.58999633789062,98.0149883401805,3.171270455557014,98.43000030517578,1158.8436502123636,,0.5293063215369009,0.01291713039100009,0.5510900020599365,8283.3866807281,,27349.398301977042,,64.12445996456219,1.6290511382706192,66.45500183105469,0,,,,,,,,,792721727.0,792721727.0,0.0,-1,0.026449225025067524
368,09,M,2023,113058.077,113058.077,0.0,0.0,0.0,0.0,0.0,C,A,20230101,2023,52,699,,,,IRQ,Iraq,0,,,H6,HS,True,,,,C00,,0,0,,-1,,False,-1,,False,False,False,0,False,True,82.19043816798236,-16.951114245451983,89.1475092961238,1.2207693150284755,91.89700317382812,102.69713451678936,2.243170658669431,105.6975555419922,1942.769197265625,7.927537198518797,0.5874903098894999,0.02633055994255835,0.5919479727745056,18900.59127072704,9.597677547210392,63641.145519770405,10.024905839840814,82.57708666874812,0.6018844042643178,82.302001953125,1,111.237,,,111.237,111.237,1015.3711444932893,0.0,0.0,113058.077,1016.3711444932892,0.0,-1,0.025622857121351927
784,27,M,2020,11908140908.794,11908140908.794,0.0,0.0,0.0,0.0,0.0,C,A,20200101,2020,52,699,,,,ARE,United Arab Emirates,0,,,H5,HS,True,,,,C00,,0,0,,-1,,False,-1,,False,True,False,4,False,True,43.086758979224406,-32.84549157946846,84.50785661653708,3.548502407291178,89.9540023803711,95.31910740510197,2.4186207367831445,99.96320343017578,1773.164029690588,27.31641696012572,0.6934796790130265,0.020974948014682814,0.7089869976043701,11152.99820703125,-2.4733869614795068,37927.09317739709,-1.1590201568867697,74.22281195371205,1.6159365839212578,73.13400268554688,1,14854090373.412,9323674788.946,8545251187.0,12347918154.056665,10729906619.834,-0.19832580727333438,0.0,0.0,11908140908.794,0.9643845027335086,0.0,-1,0.025400381194913058
704,31,M,2022,277894100.302,277894100.302,0.0,0.0,0.0,0.0,0.0,C,A,20220101,2022,52,699,,,,VNM,Vietnam,0,,,H6,HS,True,,,,C00,,0,0,,-1,,False,-1,,False,False,False,0,False,True,98.96633461272098,39.479945542058225,82.59736524728628,2.224020515218701,88.22100067138672,97.03307958749625,3.3910504371003816,99.90866088867188,1800.0681269064366,0.13345511665714405,0.5993327853771356,0.031975679177647355,0.6217989921569824,17245.430463237146,7.603968375822823,57842.490328881046,7.4857057431337415,78.57705098665677,2.7095097619451263,82.83509826660156,1,814830.212,18018152.923,3294832.452,17834223.164666664,13733895.709,340.0454057906237,0.0,0.0,277894100.302,15.58206924608673,0.0,-1,0.025364594425232312
360,93,X,2025,74028.021,0.0,74028.021,0.0,0.0,0.0,0.0,C,A,20250101,2025,52,699,,,,IDN,Indonesia,0,,,H6,HS,True,,,,C00,,0,0,,-1,,False,-1,,False,True,False,4,False,True,,,,,,,,,,,,,,,,,,,,,1,86.214,1734.885,1632.0,869.1106666666666,856.2729999999999,857.6542904864638,0.0,0.0,74028.021,85.17674887586237,0.0,-1,0.02531580268700062
842,30,M,2025,457220720.083,457220720.083,0.0,0.0,0.0,0.0,0.0,C,A,20250101,2025,52,699,,,,USA,USA,842,,,H6,HS,True,,,,C00,,0,0,,-1,,False,-1,,False,True,False,4,False,True,,,,,,,,,,,,,,,,,,,,,1,418982.79,432845755.241,300752897.6,144421596.29666665,254201319.61339998,1090.2637248966719,0.0,0.0,457220720.083,3.165874992433891,0.0,-1,0.02523118595011764
344,71,X,2021,9513116504.373,0.0,9513116504.373,0.0,0.0,0.0,0.0,C,A,20210101,2021,52,699,,,,HKG,Hong Kong,0,,,H5,HS,True,,,,C00,,0,0,,-1,,False,-1,,False,True,False,4,False,True,70.95380932944161,64.67659905367715,87.36627697122508,1.5209992746416792,84.1729965209961,101.71535091473226,1.418415954509494,100.45780181884766,1797.6690455845423,1.381993740208598,0.6729171034020026,0.014482286427544424,0.6460660099983215,16026.760651619205,43.699123357837166,53814.12340270749,41.888341273615936,73.93580224048132,0.9172934809251041,74.43119812011719,0,7678305950.882,11259992448.666,12049786775.0,9600552732.533335,10901278319.6318,0.23896033385856894,0.0,0.0,9513116504.373,0.9908925839380017,0.0,-1,0.02515087671214855
702,39,M,2015,764396311.0,764396311.0,0.0,0.0,0.0,0.0,0.0,C,A,20150101,2015,52,699,,,,SGP,Singapore,0,,,H4,HS,True,,,,C00,,0,0,,-1,,False,-1,,False,False,False,0,True,False,53.502261752174014,,71.1216953029121,2.3034035757423967,72.58999633789062,98.0149883401805,3.171270455557014,98.43000030517578,1158.8436502123636,,0.5293063215369009,0.01291713039100009,0.5510900020599365,8283.3866807281,,27349.398301977042,,64.12445996456219,1.6290511382706192,66.45500183105469,0,,,,,,,,,764396311.0,764396311.0,0.0,-1,0.02484031246450913
842,38,M,2015,769294680.0,769294680.0,0.0,0.0,0.0,0.0,0.0,C,A,20150101,2015,52,699,,,,USA,USA,0,,,H4,HS,True,,,,C00,,0,0,,-1,,False,-1,,False,False,False,0,True,False,53.502261752174014,,71.1216953029121,2.3034035757423967,72.58999633789062,98.0149883401805,3.171270455557014,98.43000030517578,1158.8436502123636,,0.5293063215369009,0.01291713039100009,0.5510900020599365,8283.3866807281,,27349.398301977042,,64.12445996456219,1.6290511382706192,66.45500183105469,0,,,,,,,,,769294680.0,769294680.0,0.0,-1,0.02484031246450913
360,26,M,2015,759204462.0,759204462.0,0.0,0.0,0.0,0.0,0.0,C,A,20150101,2015,52,699,,,,IDN,Indonesia,0,,,H4,HS,True,,,,C00,,0,0,,-1,,False,-1,,False,False,False,0,True,False,53.502261752174014,,71.1216953029121,2.3034035757423967,72.58999633789062,98.0149883401805,3.171270455557014,98.43000030517578,1158.8436502123636,,0.5293063215369009,0.01291713039100009,0.5510900020599365,8283.3866807281,,27349.398301977042,,64.12445996456219,1.6290511382706192,66.45500183105469,0,,,,,,,,,759204462.0,759204462.0,0.0,-1,0.02484031246450913
784,27,X,2022,8789597244.052,0.0,8789597244.052,0.0,0.0,0.0,0.0,C,A,20220101,2022,52,699,,,,ARE,United Arab Emirates,0,,,H6,HS,True,,,,C00,,0,0,,-1,,False,-1,,False,False,False,0,False,True,98.96633461272098,39.479945542058225,82.59736524728628,2.224020515218701,88.22100067138672,97.03307958749625,3.3910504371003816,99.90866088867188,1800.0681269064366,0.13345511665714405,0.5993327853771356,0.031975679177647355,0.6217989921569824,17245.430463237146,7.603968375822823,57842.490328881046,7.4857057431337415,78.57705098665677,2.7095097619451263,82.83509826660156,1,4712237882.964,5931411367.572,4561945193.157,4683924861.002334,5064650122.3778,0.8652702733511703,0.0,0.0,8789597244.052,1.8765453129346477,0.0,-1,0.024611230933360373
368,34,M,2021,28165.613,28165.613,0.0,0.0,0.0,0.0,0.0,C,A,20210101,2021,52,699,,,,IRQ,Iraq,0,,,H5,HS,True,,,,C00,,0,0,,-1,,False,-1,,False,False,False,0,False,True,70.95380932944161,64.67659905367715,87.36627697122508,1.5209992746416792,84.1729965209961,101.71535091473226,1.418415954509494,100.45780181884766,1797.6690455845423,1.381993740208598,0.6729171034020026,0.014482286427544424,0.6460660099983215,16026.760651619205,43.699123357837166,53814.12340270749,41.888341273615936,73.93580224048132,0.9172934809251041,74.43119812011719,0,46.193,,,37.4115,37.4115,608.7376875284135,0.0,0.0,28165.613,752.8597623725326,0.0,-1,0.024496550272116946
156,85,M,2018,23241783011.877,23241783011.877,0.0,0.0,0.0,0.0,0.0,C,A,20180101,2018,52,699,,,,CHN,China,0,,,H5,HS,True,,,,C00,,0 ,0,,-1,,False,-1,,False,True,False,0,False,True,71.7671713810043,31.13903885725675,80.58883807302891,2.0745990099761857,79.9469985961914,91.28527188940524,2.4727537177418255,88.85800170898438,1267.5996005859374,0.7873427620123996,0.6182982759457438,0.021666730250215326,0.6332399845123291,10750.673270089286,12.094561994746122,35399.664491234755,14.455219001779662,68.45175550906595,3.265876416745794,69.92250061035156,0,27521105020.271,19352567577.0,,22581621766.423664,22581621766.423664,-0.15549237595082083,0.0,0.0,23241783011.877,1.0292344479188347,0.0,-1,0.024073358818244683
276,72,M,2024,311380992.293,311380992.293,0.0,0.0,0.0,0.0,0.0,C,A,20240101,2024,52,699,,,,DEU,Germany,276,,,H6,HS,True,,,,C00,,0,0,,-1,,False,-1,,False,True,False,4,False,True,79.8213096194797,-2.8824868212292354,90.37742212892489,1.379103718282367,88.89199829101562,106.95018267449532,2.0577728939917295,107.63943481445312,2390.006343296596,23.020601040022683,0.5515179845667978,0.018563966771229647,0.5440160036087036,23493.810340447155,24.30198613328052,77296.5194515306,21.456832400224624,83.67036295301132,0.5804118205430948,85.7865982055664,0,17586.904,282031505.393,293685482.948,219360352.79733333,227678161.68440002,17704.276169870493,0.0,0.0,311380992.293,1.4194953113550304,0.0,-1,0.023696948176950117
368,27,M,2018,22965725270.293,22965725270.293,0.0,0.0,0.0,0.0,0.0,C,A,20180101,2018,52,699,,,,IRQ,Iraq,0,,,H5,HS,True,,,,C00,,0 ,0,,-1,,False,-1,,False,True,False,0,False,True,71.7671713810043,31.13903885725675,80.58883807302891,2.0745990099761857,79.9469985961914,91.28527188940524,2.4727537177418255,88.85800170898438,1267.5996005859374,0.7873427620123996,0.6182982759457438,0.021666730250215326,0.6332399845123291,10750.673270089286,12.094561994746122,35399.664491234755,14.455219001779662,68.45175550906595,3.265876416745794,69.92250061035156,0,15241505912.548,11239106374.0,,12126669007.182669,12126669007.182669,0.5067884631652977,0.0,0.0,22965725270.293,1.8938197502290464,0.0,-1,0.02362901564279085
682,27,M,2018,24363310221.117,24363310221.117,0.0,0.0,0.0,0.0,0.0,C,A,20180101,2018,52,699,,,,SAU,Saudi Arabia,0,,,H5,HS,True,,,,C00,,0 ,0,,-1,,False,-1,,False,True,False,0,False,True,71.7671713810043,31.13903885725675,80.58883807302891,2.0745990099761857,79.9469985961914,91.28527188940524,2.4727537177418255,88.85800170898438,1267.5996005859374,0.7873427620123996,0.6182982759457438,0.021666730250215326,0.6332399845123291,10750.673270089286,12.094561994746122,35399.664491234755,14.455219001779662,68.45175550906595,3.265876416745794,69.92250061035156,0,16806771509.701,16347779353.0,,15692398610.900335,15692398610.900335,0.44961274728191,0.0,0.0,24363310221.117,1.5525548913977771,0.0,-1,0.023411561601105357
643,81,X,2020,3828334.456,0.0,3828334.456,0.0,0.0,0.0,0.0,C,A,20200101,2020,52,699,,,,RUS,Russian Federation,0,,,H5,HS,True,,,,C00,,0,0,,-1,,False,-1,,False,False,False,0,False,True,43.086758979224406,-32.84549157946846,84.50785661653708,3.548502407291178,89.9540023803711,95.31910740510197,2.4186207367831445,99.96320343017578,1773.164029690588,27.31641696012572,0.6934796790130265,0.020974948014682814,0.7089869976043701,11152.99820703125,-2.4733869614795068,37927.09317739709,-1.1590201568867697,74.22281195371205,1.6159365839212578,73.13400268554688,1,9973.001,143352.031,119906.0,65070.435999999994,70188.2616,382.8698558237385,0.0,0.0,3828334.456,58.833699162550566,0.0,-1,0.023391199511432204
156,84,M,2020,12371502343.92,12371502343.92,0.0,0.0,0.0,0.0,0.0,C,A,20200101,2020,52,699,,,,CHN,China,0,,,H5,HS,True,,,,C00,,0,0,,-1,,False,-1,,False,True,False,4,False,True,43.086758979224406,-32.84549157946846,84.50785661653708,3.548502407291178,89.9540023803711,95.31910740510197,2.4186207367831445,99.96320343017578,1773.164029690588,27.31641696012572,0.6934796790130265,0.020974948014682814,0.7089869976043701,11152.99820703125,-2.4733869614795068,37927.09317739709,-1.1590201568867697,74.22281195371205,1.6159365839212578,73.13400268554688,1,13873013150.17,12804652023.103,10584537987.0,13433079270.919,12322367912.151402,-0.10823249354676785,0.0,0.0,12371502343.92,0.9209729276818022,0.0,-1,0.02328816281039381
682,69,M,2022,504367.771,504367.771,0.0,0.0,0.0,0.0,0.0,C,A,20220101,2022,52,699,,,,SAU,Saudi Arabia,0,,,H6,HS,True,,,,C00,,0,0,,-1,,False,-1,,False,False,False,0,False,True,98.96633461272098,39.479945542058225,82.59736524728628,2.224020515218701,88.22100067138672,97.03307958749625,3.3910504371003816,99.90866088867188,1800.0681269064366,0.13345511665714405,0.5993327853771356,0.031975679177647355,0.6217989921569824,17245.430463237146,7.603968375822823,57842.490328881046,7.4857057431337415,78.57705098665677,2.7095097619451263,82.83509826660156,1,504.843,127746.859,105151.285,98592.88033333333,110891.63660000001,998.0586598209741,0.0,0.0,504367.771,5.115661184608661,0.0,-1,0.023241593578943065
156,76,M,2015,746296789.0,746296789.0,0.0,0.0,0.0,0.0,0.0,C,A,20150101,2015,52,699,,,,CHN,China,0,,,H4,HS,True,,,,C00,,0,0,,-1,,False,-1,,False,False,False,0,True,False,53.502261752174014,,71.1216953029121,2.3034035757423967,72.58999633789062,98.0149883401805,3.171270455557014,98.43000030517578,1158.8436502123636,,0.5293063215369009,0.01291713039100009,0.5510900020599365,8283.3866807281,,27349.398301977042,,64.12445996456219,1.6290511382706192,66.45500183105469,0,,,,,,,,,746296789.0,746296789.0,0.0,-1,0.022803964371594376
344,93,M,2021,17587.062,17587.062,0.0,0.0,0.0,0.0,0.0,C,A,20210101,2021,52,699,,,,HKG,Hong Kong,0,,,H5,HS,True,,,,C00,,0,0,,-1,,False,-1,,False,True,False,4,False,True,70.95380932944161,64.67659905367715,87.36627697122508,1.5209992746416792,84.1729965209961,101.71535091473226,1.418415954509494,100.45780181884766,1797.6690455845423,1.381993740208598,0.6729171034020026,0.014482286427544424,0.6460660099983215,16026.760651619205,43.699123357837166,53814.12340270749,41.888341273615936,73.93580224048132,0.9172934809251041,74.43119812011719,0,14.824,996.0,,3912.3663333333334,3912.3663333333334,1185.3911225040476,0.0,0.0,17587.062,4.495249294565889,0.0,-1,0.022246432224140245
156,04,M,2025,2320660.153,2320660.153,0.0,0.0,0.0,0.0,0.0,C,A,20250101,2025,52,699,,,,CHN,China,0,,,H6,HS,True,,,,C00,,0,0,,-1,,False,-1,,False,False,False,0,False,True,,,,,,,,,,,,,,,,,,,,,1,1567.14,590280.0,,199112.38,199112.38,1479.8250398815674,0.0,0.0,2320660.153,11.655026940062692,0.0,-1,0.021956014542961255
392,05,M,2021,71090.527,71090.527,0.0,0.0,0.0,0.0,0.0,C,A,20210101,2021,52,699,,,,JPN,Japan,0,,,H5,HS,True,,,,C00,,0,0,,-1,,False,-1,,False,False,False,0,False,True,70.95380932944161,64.67659905367715,87.36627697122508,1.5209992746416792,84.1729965209961,101.71535091473226,1.418415954509494,100.45780181884766,1797.6690455845423,1.381993740208598,0.6729171034020026,0.014482286427544424,0.6460660099983215,16026.760651619205,43.699123357837166,53814.12340270749,41.888341273615936,73.93580224048132,0.9172934809251041,74.43119812011719,0,25.234,52648.0,,65448.945999999996,65448.945999999996,2816.2516049774113,0.0,0.0,71090.527,1.0861981948494634,0.0,-1,0.021801996583610594
156,85,M,2016,20871192702.0,20871192702.0,0.0,0.0,0.0,0.0,0.0,C,A,20160101,2016,52,699,,,,CHN,China,0,,,H4,HS,True,,,,C00,,0,0,,-1,,False,-1,,False,False,False,0,True,False,45.16007995605469,-15.592203998329756,74.19653998480902,1.4677781619342285,71.76699829101562,91.08754797456822,5.697455140454365,83.26499938964844,1249.7060024414063,7.840777503711727,0.6183525289612255,0.03068328404346864,0.5836399793624878,8088.159221711706,-2.3568555536662816,26367.266796875,-3.591053427420543,67.16636634329727,0.6252499151739019,67.93299865722656,0,19352567577.0,,,19352567577.0,19352567577.0,0.07847150611709243,0.0,0.0,20871192702.0,1.0784715061170924,0.0,-1,0.021729414351610687
368,27,M,2023,29636617095.853,29636617095.853,0.0,0.0,0.0,0.0,0.0,C,A,20230101,2023,52,699,,,,IRQ,Iraq,0,,,H6,HS,True,,,,C00,,0,0,,-1,,False,-1,,False,False,False,0,False,True,82.19043816798236,-16.951114245451983,89.1475092961238,1.2207693150284755,91.89700317382812,102.69713451678936,2.243170658669431,105.6975555419922,1942.769197265625,7.927537198518797,0.5874903098894999,0.02633055994255835,0.5919479727745056,18900.59127072704,9.597677547210392,63641.145519770405,10.024905839840814,82.57708666874812,0.6018844042643178,82.302001953125,1,38612101272.429,16075481442.959,22965725270.293,27046048030.619003,25225920141.1738,-0.23245262186714896,0.0,0.0,29636617095.853,1.0957836450745484,0.0,-1,0.02105460047329133
842,06,M,2025,76411.593,76411.593,0.0,0.0,0.0,0.0,0.0,C,A,20250101,2025,52,699,,,,USA,USA,842,,,H6,HS,True,,,,C00,,0,0,,-1,,False,-1,,False,False,False,0,False,True,,,,,,,,,,,,,,,,,,,,,1,6.201,834982.619,1136371.682,624196.7236666667,1304234.2172,12321.462989840347,0.0,0.0,76411.593,0.12241588285042856,0.0,-1,0.0209984447374727
156,38,M,2015,726714491.0,726714491.0,0.0,0.0,0.0,0.0,0.0,C,A,20150101,2015,52,699,,,,CHN,China,0,,,H4,HS,True,,,,C00,,0,0,,-1,,False,-1,,False,False,False,0,True,False,53.502261752174014,,71.1216953029121,2.3034035757423967,72.58999633789062,98.0149883401805,3.171270455557014,98.43000030517578,1158.8436502123636,,0.5293063215369009,0.01291713039100009,0.5510900020599365,8283.3866807281,,27349.398301977042,,64.12445996456219,1.6290511382706192,66.45500183105469,0,,,,,,,,,726714491.0,726714491.0,0.0,-1,0.02067397146886929
682,31,M,2015,736440958.0,736440958.0,0.0,0.0,0.0,0.0,0.0,C,A,20150101,2015,52,699,,,,SAU,Saudi Arabia,0,,,H4,HS,True,,,,C00,,0,0,,-1,,False,-1,,False,False,False,0,True,False,53.502261752174014,,71.1216953029121,2.3034035757423967,72.58999633789062,98.0149883401805,3.171270455557014,98.43000030517578,1158.8436502123636,,0.5293063215369009,0.01291713039100009,0.5510900020599365,8283.3866807281,,27349.398301977042,,64.12445996456219,1.6290511382706192,66.45500183105469,0,,,,,,,,,736440958.0,736440958.0,0.0,-1,0.02067397146886929
682,27,M,2023,26704756387.176,26704756387.176,0.0,0.0,0.0,0.0,0.0,C,A,20230101,2023,52,699,,,,SAU,Saudi Arabia,0,,,H6,HS,True,,,,C00,,0,0,,-1,,False,-1,,False,False,False,0,False,True,82.19043816798236,-16.951114245451983,89.1475092961238,1.2207693150284755,91.89700317382812,102.69713451678936,2.243170658669431,105.6975555419922,1942.769197265625,7.927537198518797,0.5874903098894999,0.02633055994255835,0.5919479727745056,18900.59127072704,9.597677547210392,63641.145519770405,10.024905839840814,82.57708666874812,0.6018844042643178,82.302001953125,1,37720941554.107,14683027996.679,24363310221.117,24850376826.893005,24416496908.8206,-0.29204427867022786,0.0,0.0,26704756387.176,1.0746217883616231,0.0,-1,0.020645486664750856
276,33,M,2025,37951.312,37951.312,0.0,0.0,0.0,0.0,0.0,C,A,20250101,2025,52,699,,,,DEU,Germany,842,,,H6,HS,True,,,,C00,,0,0,,-1,,False,-1,,False,True,False,4,False,True,,,,,,,,,,,,,,,,,,,,,1,5.271,48239537.033,36679606.532,16080920.383666666,26278222.0228,7199.021248339973,0.0,0.0,37951.312,0.0023600211365107566,0.0,-1,0.020313973306334332
392,05,M,2023,172857.119,172857.119,0.0,0.0,0.0,0.0,0.0,C,A,20230101,2023,52,699,,,,JPN,Japan,0,,,H6,HS,True,,,,C00,,0,0,,-1,,False,-1,,False,True,False,4,False,True,82.19043816798236,-16.951114245451983,89.1475092961238,1.2207693150284755,91.89700317382812,102.69713451678936,2.243170658669431,105.6975555419922,1942.769197265625,7.927537198518797,0.5874903098894999,0.02633055994255835,0.5919479727745056,18900.59127072704,9.597677547210392,63641.145519770405,10.024905839840814,82.57708666874812,0.6018844042643178,82.302001953125,1,15.751,25.234,52648.0,23710.504,53490.623199999995,10973.358389943498,0.0,0.0,172857.119,7.29031820664799,0.0,-1,0.02023343005316447
842,89,X,2017,441290916.693,0.0,441290916.693,0.0,0.0,0.0,0.0,C,A,20170101,2017,52,699,,,,USA,USA,0,,,H5,HS,True,,,,C00,,0 ,0,,-1,,False,-1,,False,True,False,0,False,True,54.72601599522321,21.182283221104004,73.3561897573545,2.6296543062887414,76.43199920654297,83.84142619879671,1.8276237573867427,86.08499908447266,1257.6972126143862,0.6394472105734073,0.5797209679618363,0.00845371750427492,0.5670099854469299,9590.717942760837,18.577264367097147,30928.83382686492,17.30011330006549,65.1095932213835,1.2484158816683097,64.06199645996094,0,315422.0,,,344563.0,344563.0,1398.0492631870954,0.0,0.0,441290916.693,1280.7263597455328,0.0,-1,0.019554954145911352
276,60,M,2025,1741404.299,1741404.299,0.0,0.0,0.0,0.0,0.0,C,A,20250101,2025,52,699,,,,DEU,Germany,276,,,H6,HS,True,,,,C00,,0,0,,-1,,False,-1,,False,True,False,4,False,True,,,,,,,,,,,,,,,,,,,,,1,179.77,6310588.878,3694091.336,4102246.323333333,4398746.8198,9685.8459642877,0.0,0.0,1741404.299,0.4245001791079673,0.0,-1,0.019291701877910405
344,85,M,2021,8561232061.16,8561232061.16,0.0,0.0,0.0,0.0,0.0,C,A,20210101,2021,52,699,,,,HKG,Hong Kong,0,,,H5,HS,True,,,,C00,,0,0,,-1,,False,-1,,False,True,False,4,False,True,70.95380932944161,64.67659905367715,87.36627697122508,1.5209992746416792,84.1729965209961,101.71535091473226,1.418415954509494,100.45780181884766,1797.6690455845423,1.381993740208598,0.6729171034020026,0.014482286427544424,0.6460660099983215,16026.760651619205,43.699123357837166,53814.12340270749,41.888341273615936,73.93580224048132,0.9172934809251041,74.43119812011719,0,7155217086.14,7149234359.479,1001243617.0,7702250756.845333,5075302897.0452,0.19650207087965482,0.0,0.0,8561232061.16,1.1115234145747919,0.0,-1,0.01918692748483264
156,02,X,2017,96137.778,0.0,96137.778,0.0,0.0,0.0,0.0,C,A,20170101,2017,52,699,,,,CHN,China,0,,,H5,HS,True,,,,C00,,0 ,0,,-1,,False,-1,,False,False,False,0,False,True,54.72601599522321,21.182283221104004,73.3561897573545,2.6296543062887414,76.43199920654297,83.84142619879671,1.8276237573867427,86.08499908447266,1257.6972126143862,0.6394472105734073,0.5797209679618363,0.00845371750427492,0.5670099854469299,9590.717942760837,18.577264367097147,30928.83382686492,17.30011330006549,65.1095932213835,1.2484158816683097,64.06199645996094,0,22.0,,,22.0,22.0,4368.899,0.0,0.0,96137.778,4369.899,0.0,-1,0.01867669302525954
276,86,M,2025,32495197.442,32495197.442,0.0,0.0,0.0,0.0,0.0,C,A,20250101,2025,52,699,,,,DEU,Germany,276,,,H6,HS,True,,,,C00,,0,0,,-1,,False,-1,,False,True,False,4,False,True,,,,,,,,,,,,,,,,,,,,,1,2777.391,99626320.7,143634485.246,33272099.729000002,75989653.9272,11698.90017322012,0.0,0.0,32495197.442,0.9766500373187192,0.0,-1,0.01826686103230546
842,80,M,2025,1067392.977,1067392.977,0.0,0.0,0.0,0.0,0.0,C,A,20250101,2025,52,699,,,,USA,USA,842,,,H6,HS,True,,,,C00,,0,0,,-1,,False,-1,,False,True,False,4,False,True,,,,,,,,,,,,,,,,,,,,,1,1186.592,81960.941,26941.696,27783.123666666666,54929.374800000005,898.5450643523636,0.0,0.0,1067392.977,38.41875340606949,0.0,-1,0.01818480096455488
156,85,M,2019,19966000613.973,19966000613.973,0.0,0.0,0.0,0.0,0.0,C,A,20190101,2019,52,699,,,,CHN,China,0,,,H5,HS,True,,,,C00,,0,0,,-1,,False,-1,,False,True,False,4,False,True,64.1606349188184,-10.598907990679473,78.73804596648819,1.1712149042215123,79.81300354003906,90.01791770613514,2.5288453676700766,93.83525848388672,1392.7222207690043,9.870831461703666,0.645140199477856,0.015215529811722375,0.6542050242424011,11435.85105598418,6.373347684197661,38371.830426607885,8.396028544589917,70.50973287729117,1.0133526749385167,71.31099700927734,0,23241783011.877,20871192702.0,,23878026911.382664,22746662077.787,-0.14094367872852145,0.0,0.0,19966000613.973,0.8361662665040049,0.0,-1,0.016903089156399043
156,89,X,2020,3090031.186,0.0,3090031.186,0.0,0.0,0.0,0.0,C,A,20200101,2020,52,699,,,,CHN,China,0,,,H5,HS,True,,,,C00,,0,0,,-1,,False,-1,,False,True,False,4,False,True,43.086758979224406,-32.84549157946846,84.50785661653708,3.548502407291178,89.9540023803711,95.31910740510197,2.4186207367831445,99.96320343017578,1773.164029690588,27.31641696012572,0.6934796790130265,0.020974948014682814,0.7089869976043701,11152.99820703125,-2.4733869614795068,37927.09317739709,-1.1590201568867697,74.22281195371205,1.6159365839212578,73.13400268554688,1,16439.112,5049.0,,13416.259333333335,15219.694500000001,186.96825436799747,0.0,0.0,3090031.186,230.31987599722902,0.0,-1,0.016752110310909618
156,27,M,2015,712108208.0,712108208.0,0.0,0.0,0.0,0.0,0.0,C,A,20150101,2015,52,699,,,,CHN,China,0,,,H4,HS,True,,,,C00,,0,0,,-1,,False,-1,,False,False,False,0,True,False,53.502261752174014,,71.1216953029121,2.3034035757423967,72.58999633789062,98.0149883401805,3.171270455557014,98.43000030517578,1158.8436502123636,,0.5293063215369009,0.01291713039100009,0.5510900020599365,8283.3866807281,,27349.398301977042,,64.12445996456219,1.6290511382706192,66.45500183105469,0,,,,,,,,,712108208.0,712108208.0,0.0,-1,0.01647249363343506
368,31,X,2017,86778.185,0.0,86778.185,0.0,0.0,0.0,0.0,C,A,20170101,2017,52,699,,,,IRQ,Iraq,0,,,H5,HS,True,,,,C00,,0 ,0,,-1,,False,-1,,False,False,False,0,False,True,54.72601599522321,21.182283221104004,73.3561897573545,2.6296543062887414,76.43199920654297,83.84142619879671,1.8276237573867427,86.08499908447266,1257.6972126143862,0.6394472105734073,0.5797209679618363,0.00845371750427492,0.5670099854469299,9590.717942760837,18.577264367097147,30928.83382686492,17.30011330006549,65.1095932213835,1.2484158816683097,64.06199645996094,0,18.0,,,173.5,173.5,4820.010277777777,0.0,0.0,86778.185,500.16244956772334,0.0,-1,0.016452576879501413
643,97,M,2016,5257622.0,5257622.0,0.0,0.0,0.0,0.0,0.0,C,A,20160101,2016,52,699,,,,RUS,Russian Federation,0,,,H4,HS,True,,,,C00,,0,0,,-1,,False,-1,,False,False,False,0,True,False,45.16007995605469,-15.592203998329756,74.19653998480902,1.4677781619342285,71.76699829101562,91.08754797456822,5.697455140454365,83.26499938964844,1249.7060024414063,7.840777503711727,0.6183525289612255,0.03068328404346864,0.5836399793624878,8088.159221711706,-2.3568555536662816,26367.266796875,-3.591053427420543,67.16636634329727,0.6252499151739019,67.93299865722656,0,811.0,,,811.0,811.0,6481.887792848335,0.0,0.0,5257622.0,6482.887792848335,0.0,-1,0.01627708311574161
458,84,M,2015,696924824.0,696924824.0,0.0,0.0,0.0,0.0,0.0,C,A,20150101,2015,52,699,,,,MYS,Malaysia,0,,,H4,HS,True,,,,C00,,0,0,,-1,,False,-1,,False,False,False,0,True,False,53.502261752174014,,71.1216953029121,2.3034035757423967,72.58999633789062,98.0149883401805,3.171270455557014,98.43000030517578,1158.8436502123636,,0.5293063215369009,0.01291713039100009,0.5510900020599365,8283.3866807281,,27349.398301977042,,64.12445996456219,1.6290511382706192,66.45500183105469,0,,,,,,,,,696924824.0,696924824.0,0.0,-1,0.015792613167134317
682,27,M,2016,13922644970.0,13922644970.0,0.0,0.0,0.0,0.0,0.0,C,A,20160101,2016,52,699,,,,SAU,Saudi Arabia,0,,,H4,HS,True,,,,C00,,0,0,,-1,,False,-1,,False,False,False,0,True,False,45.16007995605469,-15.592203998329756,74.19653998480902,1.4677781619342285,71.76699829101562,91.08754797456822,5.697455140454365,83.26499938964844,1249.7060024414063,7.840777503711727,0.6183525289612255,0.03068328404346864,0.5836399793624878,8088.159221711706,-2.3568555536662816,26367.266796875,-3.591053427420543,67.16636634329727,0.6252499151739019,67.93299865722656,0,16347779353.0,,,16347779353.0,16347779353.0,-0.14834641027589845,0.0,0.0,13922644970.0,0.8516535897241015,0.0,-1,0.015642393694122902
842,71,M,2021,7071495460.074,7071495460.074,0.0,0.0,0.0,0.0,0.0,C,A,20210101,2021,52,699,,,,USA,USA,0,,,H5,HS,True,,,,C00,,0,0,,-1,,False,-1,,False,True,False,4,False,True,70.95380932944161,64.67659905367715,87.36627697122508,1.5209992746416792,84.1729965209961,101.71535091473226,1.418415954509494,100.45780181884766,1797.6690455845423,1.381993740208598,0.6729171034020026,0.014482286427544424,0.6460660099983215,16026.760651619205,43.699123357837166,53814.12340270749,41.888341273615936,73.93580224048132,0.9172934809251041,74.43119812011719,0,4471114505.853,7024827918.312,1988941435.0,6082046126.377666,4603553691.8618,0.5815956962893527,0.0,0.0,7071495460.074,1.162683628689549,0.0,-1,0.015620881097653916
842,27,X,2022,6342388030.231,0.0,6342388030.231,0.0,0.0,0.0,0.0,C,A,20220101,2022,52,699,,,,USA,USA,0,,,H6,HS,True,,,,C00,,0,0,,-1,,False,-1,,False,True,False,4,False,True,98.96633461272098,39.479945542058225,82.59736524728628,2.224020515218701,88.22100067138672,97.03307958749625,3.3910504371003816,99.90866088867188,1800.0681269064366,0.13345511665714405,0.5993327853771356,0.031975679177647355,0.6217989921569824,17245.430463237146,7.603968375822823,57842.490328881046,7.4857057431337415,78.57705098665677,2.7095097619451263,82.83509826660156,1,4102121685.914,2692697052.556,2235054120.078,2744073091.8486667,2699627356.5976,0.5461238149052721,0.0,0.0,6342388030.231,2.311304334083233,0.0,-1,0.01561897419767666
826,84,M,2015,699052597.0,699052597.0,0.0,0.0,0.0,0.0,0.0,C,A,20150101,2015,52,699,,,,GBR,United Kingdom,0,,,H4,HS,True,,,,C00,,0,0,,-1,,False,-1,,False,False,False,0,True,False,53.502261752174014,,71.1216953029121,2.3034035757423967,72.58999633789062,98.0149883401805,3.171270455557014,98.43000030517578,1158.8436502123636,,0.5293063215369009,0.01291713039100009,0.5510900020599365,8283.3866807281,,27349.398301977042,,64.12445996456219,1.6290511382706192,66.45500183105469,0,,,,,,,,,699052597.0,699052597.0,0.0,-1,0.015566139634420106
784,84,X,2015,699540596.0,0.0,699540596.0,0.0,0.0,0.0,0.0,C,A,20150101,2015,52,699,,,,ARE,United Arab Emirates,0,,,H4,HS,True,,,,C00,,0,0,,-1,,False,-1,,False,False,False,0,True,False,53.502261752174014,,71.1216953029121,2.3034035757423967,72.58999633789062,98.0149883401805,3.171270455557014,98.43000030517578,1158.8436502123636,,0.5293063215369009,0.01291713039100009,0.5510900020599365,8283.3866807281,,27349.398301977042,,64.12445996456219,1.6290511382706192,66.45500183105469,0,,,,,,,,,699540596.0,699540596.0,0.0,-1,0.015566139634420106
643,27,M,2025,53836219715.504,53836219715.504,0.0,0.0,0.0,0.0,0.0,C,A,20250101,2025,52,699,,,,RUS,Russian Federation,0,,,H6,HS,True,,,,C00,,0,0,,-1,,False,-1,,False,False,False,0,False,True,,,,,,,,,,,,,,,,,,,,,1,59534289660.861,33973884295.986,2045343418.298,50746232895.95933,31790443316.3798,-0.09571072364877857,0.0,0.0,53836219715.504,1.0608909596477794,0.0,-1,0.015531489303191481
344,71,X,2022,8621031186.296,0.0,8621031186.296,0.0,0.0,0.0,0.0,C,A,20220101,2022,52,699,,,,HKG,Hong Kong,0,,,H6,HS,True,,,,C00,,0,0,,-1,,False,-1,,False,True,False,4,False,True,98.96633461272098,39.479945542058225,82.59736524728628,2.224020515218701,88.22100067138672,97.03307958749625,3.3910504371003816,99.90866088867188,1800.0681269064366,0.13345511665714405,0.5993327853771356,0.031975679177647355,0.6217989921569824,17245.430463237146,7.603968375822823,57842.490328881046,7.4857057431337415,78.57705098665677,2.7095097619451263,82.83509826660156,1,9513116504.373,9863359798.052,13654946625.559,9018260751.102333,10393944265.5064,-0.09377424502968348,0.0,0.0,8621031186.296,0.9559527523355567,0.0,-1,0.01483741419530149
368,27,M,2019,22025731343.719,22025731343.719,0.0,0.0,0.0,0.0,0.0,C,A,20190101,2019,52,699,,,,IRQ,Iraq,0,,,H5,HS,True,,,,C00,,0,0,,-1,,False,-1,,False,True,False,4,False,True,64.1606349188184,-10.598907990679473,78.73804596648819,1.1712149042215123,79.81300354003906,90.01791770613514,2.5288453676700766,93.83525848388672,1392.7222207690043,9.870831461703666,0.645140199477856,0.015215529811722375,0.6542050242424011,11435.85105598418,6.373347684197661,38371.830426607885,8.396028544589917,70.50973287729117,1.0133526749385167,71.31099700927734,0,22965725270.293,9899394735.0,,16035541972.613668,14836433072.96025,-0.040930295712886276,0.0,0.0,22025731343.719,1.3735570260946397,0.0,-1,0.014688057720652181
682,27,M,2019,23168043842.307,23168043842.307,0.0,0.0,0.0,0.0,0.0,C,A,20190101,2019,52,699,,,,SAU,Saudi Arabia,0,,,H5,HS,True,,,,C00,,0,0,,-1,,False,-1,,False,True,False,4,False,True,64.1606349188184,-10.598907990679473,78.73804596648819,1.1712149042215123,79.81300354003906,90.01791770613514,2.5288453676700766,93.83525848388672,1392.7222207690043,9.870831461703666,0.645140199477856,0.015215529811722375,0.6542050242424011,11435.85105598418,6.373347684197661,38371.830426607885,8.396028544589917,70.50973287729117,1.0133526749385167,71.31099700927734,0,24363310221.117,13922644970.0,,18364242233.606,17860126513.4545,-0.04906009766168799,0.0,0.0,23168043842.307,1.2615845264723307,0.0,-1,0.014349106442082538
784,71,M,2025,20927089858.447,20927089858.447,0.0,0.0,0.0,0.0,0.0,C,A,20250101,2025,52,699,,,,ARE,United Arab Emirates,0,,,H6,HS,True,,,,C00,,0,0,,-1,,False,-1,,False,True,False,4,False,True,,,,,,,,,,,,,,,,,,,,,1,25980192977.617,14775376550.162,6818546879.962,18401406309.765,15647986926.7624,-0.19449829042930733,0.0,0.0,20927089858.447,1.1372549198776023,0.0,-1,0.014052309092404736
643,31,M,2022,2731316714.268,2731316714.268,0.0,0.0,0.0,0.0,0.0,C,A,20220101,2022,52,699,,,,RUS,Russian Federation,0,,,H6,HS,True,,,,C00,,0,0,,-1,,False,-1,,False,False,False,0,False,True,98.96633461272098,39.479945542058225,82.59736524728628,2.224020515218701,88.22100067138672,97.03307958749625,3.3910504371003816,99.90866088867188,1800.0681269064366,0.13345511665714405,0.5993327853771356,0.031975679177647355,0.6217989921569824,17245.430463237146,7.603968375822823,57842.490328881046,7.4857057431337415,78.57705098665677,2.7095097619451263,82.83509826660156,1,484774720.188,456587410.87,346605000.967,517031508.10833335,455065573.2322,4.6341979078627915,0.0,0.0,2731316714.268,5.282689103921514,0.0,-1,0.013989293529288016
784,01,X,2016,25029141.0,0.0,25029141.0,0.0,0.0,0.0,0.0,C,A,20160101,2016,52,699,,,,ARE,United Arab Emirates,0,,,H4,HS,True,,,,C00,,0,0,,-1,,False,-1,,False,False,False,0,True,False,45.16007995605469,-15.592203998329756,74.19653998480902,1.4677781619342285,71.76699829101562,91.08754797456822,5.697455140454365,83.26499938964844,1249.7060024414063,7.840777503711727,0.6183525289612255,0.03068328404346864,0.5836399793624878,8088.159221711706,-2.3568555536662816,26367.266796875,-3.591053427420543,67.16636634329727,0.6252499151739019,67.93299865722656,0,4371.0,,,4371.0,4371.0,5725.181880576527,0.0,0.0,25029141.0,5726.181880576527,0.0,-1,0.013864839005315654
682,88,X,2024,1534494634.931,0.0,1534494634.931,0.0,0.0,0.0,0.0,C,A,20240101,2024,52,699,,,,SAU,Saudi Arabia,0,,,H6,HS,True,,,,C00,,0,0,,-1,,False,-1,,False,True,False,4,False,True,79.8213096194797,-2.8824868212292354,90.37742212892489,1.379103718282367,88.89199829101562,106.95018267449532,2.0577728939917295,107.63943481445312,2390.006343296596,23.020601040022683,0.5515179845667978,0.018563966771229647,0.5440160036087036,23493.810340447155,24.30198613328052,77296.5194515306,21.456832400224624,83.67036295301132,0.5804118205430948,85.7865982055664,0,2363775.686,196976.11,641685.222,1240045.3946666669,1025780.0451999999,648.1710038390672,0.0,0.0,1534494634.931,1237.4503720031016,0.0,-1,0.013724342903382647
842,08,M,2015,686270598.0,686270598.0,0.0,0.0,0.0,0.0,0.0,C,A,20150101,2015,52,699,,,,USA,USA,0,,,H4,HS,True,,,,C00,,0,0,,-1,,False,-1,,False,False,False,0,True,False,53.502261752174014,,71.1216953029121,2.3034035757423967,72.58999633789062,98.0149883401805,3.171270455557014,98.43000030517578,1158.8436502123636,,0.5293063215369009,0.01291713039100009,0.5510900020599365,8283.3866807281,,27349.398301977042,,64.12445996456219,1.6290511382706192,66.45500183105469,0,,,,,,,,,686270598.0,686270598.0,0.0,-1,0.013457502132278143
368,32,M,2021,26023.928,26023.928,0.0,0.0,0.0,0.0,0.0,C,A,20210101,2021,52,699,,,,IRQ,Iraq,0,,,H5,HS,True,,,,C00,,0,0,,-1,,False,-1,,False,False,False,0,False,True,70.95380932944161,64.67659905367715,87.36627697122508,1.5209992746416792,84.1729965209961,101.71535091473226,1.418415954509494,100.45780181884766,1797.6690455845423,1.381993740208598,0.6729171034020026,0.014482286427544424,0.6460660099983215,16026.760651619205,43.699123357837166,53814.12340270749,41.888341273615936,73.93580224048132,0.9172934809251041,74.43119812011719,0,30.542,,,5842.0125,5842.0125,851.0701984152969,0.0,0.0,26023.928,4.454616966327957,0.0,-1,0.013175100392755046
784,85,X,2015,673896683.0,0.0,673896683.0,0.0,0.0,0.0,0.0,C,A,20150101,2015,52,699,,,,ARE,United Arab Emirates,0,,,H4,HS,True,,,,C00,,0,0,,-1,,False,-1,,False,False,False,0,True,False,53.502261752174014,,71.1216953029121,2.3034035757423967,72.58999633789062,98.0149883401805,3.171270455557014,98.43000030517578,1158.8436502123636,,0.5293063215369009,0.01291713039100009,0.5510900020599365,8283.3866807281,,27349.398301977042,,64.12445996456219,1.6290511382706192,66.45500183105469,0,,,,,,,,,673896683.0,673896683.0,0.0,-1,0.01300621103815891
410,27,M,2015,675896608.0,675896608.0,0.0,0.0,0.0,0.0,0.0,C,A,20150101,2015,52,699,,,,KOR,South Korea,0,,,H4,HS,True,,,,C00,,0,0,,-1,,False,-1,,False,False,False,0,True,False,53.502261752174014,,71.1216953029121,2.3034035757423967,72.58999633789062,98.0149883401805,3.171270455557014,98.43000030517578,1158.8436502123636,,0.5293063215369009,0.01291713039100009,0.5510900020599365,8283.3866807281,,27349.398301977042,,64.12445996456219,1.6290511382706192,66.45500183105469,0,,,,,,,,,675896608.0,675896608.0,0.0,-1,0.01300621103815891
826,84,X,2015,678887631.0,0.0,678887631.0,0.0,0.0,0.0,0.0,C,A,20150101,2015,52,699,,,,GBR,United Kingdom,0,,,H4,HS,True,,,,C00,,0,0,,-1,,False,-1,,False,False,False,0,True,False,53.502261752174014,,71.1216953029121,2.3034035757423967,72.58999633789062,98.0149883401805,3.171270455557014,98.43000030517578,1158.8436502123636,,0.5293063215369009,0.01291713039100009,0.5510900020599365,8283.3866807281,,27349.398301977042,,64.12445996456219,1.6290511382706192,66.45500183105469,0,,,,,,,,,678887631.0,678887631.0,0.0,-1,0.01300621103815891
156,33,M,2024,276471201.329,276471201.329,0.0,0.0,0.0,0.0,0.0,C,A,20240101,2024,52,699,,,,CHN,China,0,,,H6,HS,True,,,,C00,,0,0,,-1,,False,-1,,False,True,False,4,False,True,79.8213096194797,-2.8824868212292354,90.37742212892489,1.379103718282367,88.89199829101562,106.95018267449532,2.0577728939917295,107.63943481445312,2390.006343296596,23.020601040022683,0.5515179845667978,0.018563966771229647,0.5440160036087036,23493.810340447155,24.30198613328052,77296.5194515306,21.456832400224624,83.67036295301132,0.5804118205430948,85.7865982055664,0,46628.536,182148670.522,181014863.711,130513252.21966666,141656543.84,5928.227572767886,0.0,0.0,276471201.329,2.1183381505478978,0.0,-1,0.01291976546795559
56,31,X,2018,2172509.968,0.0,2172509.968,0.0,0.0,0.0,0.0,C,A,20180101,2018,52,699,,,,BEL,Belgium,0,,,H5,HS,True,,,,C00,,0 ,0,,-1,,False,-1,,False,False,False,0,False,True,71.7671713810043,31.13903885725675,80.58883807302891,2.0745990099761857,79.9469985961914,91.28527188940524,2.4727537177418255,88.85800170898438,1267.5996005859374,0.7873427620123996,0.6182982759457438,0.021666730250215326,0.6332399845123291,10750.673270089286,12.094561994746122,35399.664491234755,14.455219001779662,68.45175550906595,3.265876416745794,69.92250061035156,0,331.12,603827.0,,655886.04,655886.04,6560.095578642184,0.0,0.0,2172509.968,3.3123284160766704,0.0,-1,0.012903612739454062
156,84,M,2018,13621572639.484,13621572639.484,0.0,0.0,0.0,0.0,0.0,C,A,20180101,2018,52,699,,,,CHN,China,0,,,H5,HS,True,,,,C00,,0 ,0,,-1,,False,-1,,False,True,False,0,False,True,71.7671713810043,31.13903885725675,80.58883807302891,2.0745990099761857,79.9469985961914,91.28527188940524,2.4727537177418255,88.85800170898438,1267.5996005859374,0.7873427620123996,0.6182982759457438,0.021666730250215326,0.6332399845123291,10750.673270089286,12.094561994746122,35399.664491234755,14.455219001779662,68.45175550906595,3.265876416745794,69.92250061035156,0,12804652023.103,10584537987.0,,11372417923.701,11372417923.701,0.06379873618643102,0.0,0.0,13621572639.484,1.19777278067627,0.0,-1,0.012861193690538508
276,29,M,2015,649345772.0,649345772.0,0.0,0.0,0.0,0.0,0.0,C,A,20150101,2015,52,699,,,,DEU,Germany,0,,,H4,HS,True,,,,C00,,0,0,,-1,,False,-1,,False,False,False,0,True,False,53.502261752174014,,71.1216953029121,2.3034035757423967,72.58999633789062,98.0149883401805,3.171270455557014,98.43000030517578,1158.8436502123636,,0.5293063215369009,0.01291713039100009,0.5510900020599365,8283.3866807281,,27349.398301977042,,64.12445996456219,1.6290511382706192,66.45500183105469,0,,,,,,,,,649345772.0,649345772.0,0.0,-1,0.012739622192459388
643,31,M,2015,653798961.0,653798961.0,0.0,0.0,0.0,0.0,0.0,C,A,20150101,2015,52,699,,,,RUS,Russian Federation,0,,,H4,HS,True,,,,C00,,0,0,,-1,,False,-1,,False,False,False,0,True,False,53.502261752174014,,71.1216953029121,2.3034035757423967,72.58999633789062,98.0149883401805,3.171270455557014,98.43000030517578,1158.8436502123636,,0.5293063215369009,0.01291713039100009,0.5510900020599365,8283.3866807281,,27349.398301977042,,64.12445996456219,1.6290511382706192,66.45500183105469,0,,,,,,,,,653798961.0,653798961.0,0.0,-1,0.012739622192459388
784,27,M,2023,16831519843.031,16831519843.031,0.0,0.0,0.0,0.0,0.0,C,A,20230101,2023,52,699,,,,ARE,United Arab Emirates,0,,,H6,HS,True,,,,C00,,0,0,,-1,,False,-1,,False,False,False,0,False,True,82.19043816798236,-16.951114245451983,89.1475092961238,1.2207693150284755,91.89700317382812,102.69713451678936,2.243170658669431,105.6975555419922,1942.769197265625,7.927537198518797,0.5874903098894999,0.02633055994255835,0.5919479727745056,18900.59127072704,9.597677547210392,63641.145519770405,10.024905839840814,82.57708666874812,0.6018844042643178,82.302001953125,1,28252393929.196,11908140908.794,12865989299.812,19806809504.954666,17428101637.6176,-0.40424447269095587,0.0,0.0,16831519843.031,0.8497845066274102,0.0,-1,0.012728144736646074
156,85,M,2024,49768520.626,49768520.626,0.0,0.0,0.0,0.0,0.0,C,A,20240101,2024,52,699,,,,CHN,China,826,,,H6,HS,True,,,,C00,,0,0,,-1,,False,-1,,False,True,False,4,False,True,79.8213096194797,-2.8824868212292354,90.37742212892489,1.379103718282367,88.89199829101562,106.95018267449532,2.0577728939917295,107.63943481445312,2390.006343296596,23.020601040022683,0.5515179845667978,0.018563966771229647,0.5440160036087036,23493.810340447155,24.30198613328052,77296.5194515306,21.456832400224624,83.67036295301132,0.5804118205430948,85.7865982055664,0,2271.268,26391476139.552,19966000613.973,19007718211.30633,18966306712.3036,21911.218472676937,0.0,0.0,49768520.626,0.002618332199200863,0.0,-1,0.012679000515109728
276,76,M,2025,1501742.137,1501742.137,0.0,0.0,0.0,0.0,0.0,C,A,20250101,2025,52,699,,,,DEU,Germany,842,,,H6,HS,True,,,,C00,,0,0,,-1,,False,-1,,False,True,False,4,False,True,,,,,,,,,,,,,,,,,,,,,1,300.472,151940055.477,106972483.752,50648435.13466666,81337715.37939999,4996.9436919247055,0.0,0.0,1501742.137,0.029650316599260984,0.0,-1,0.012621553965245225
344,71,M,2022,7052965852.424,7052965852.424,0.0,0.0,0.0,0.0,0.0,C,A,20220101,2022,52,699,,,,HKG,Hong Kong,0,,,H6,HS,True,,,,C00,,0,0,,-1,,False,-1,,False,True,False,4,False,True,98.96633461272098,39.479945542058225,82.59736524728628,2.224020515218701,88.22100067138672,97.03307958749625,3.3910504371003816,99.90866088867188,1800.0681269064366,0.13345511665714405,0.5993327853771356,0.031975679177647355,0.6217989921569824,17245.430463237146,7.603968375822823,57842.490328881046,7.4857057431337415,78.57705098665677,2.7095097619451263,82.83509826660156,1,5479812917.064,5122058160.156,8953226674.13,4939028935.215333,5971061398.1248,0.2870815042720237,0.0,0.0,7052965852.424,1.4280065869094778,0.0,-1,0.012388468616145731
702,27,M,2022,4754248729.694,4754248729.694,0.0,0.0,0.0,0.0,0.0,C,A,20220101,2022,52,699,,,,SGP,Singapore,0,,,H6,HS,True,,,,C00,,0,0,,-1,,False,-1,,False,True,False,4,False,True,98.96633461272098,39.479945542058225,82.59736524728628,2.224020515218701,88.22100067138672,97.03307958749625,3.3910504371003816,99.90866088867188,1800.0681269064366,0.13345511665714405,0.5993327853771356,0.031975679177647355,0.6217989921569824,17245.430463237146,7.603968375822823,57842.490328881046,7.4857057431337415,78.57705098665677,2.7095097619451263,82.83509826660156,1,2304374447.052,1562552822.737,491475252.012,1660189277.866,1388957855.5753999,1.063140708653552,0.0,0.0,4754248729.694,2.863678734153187,0.0,-1,0.012245881446564688
156,28,M,2015,655881685.0,655881685.0,0.0,0.0,0.0,0.0,0.0,C,A,20150101,2015,52,699,,,,CHN,China,0,,,H4,HS,True,,,,C00,,0,0,,-1,,False,-1,,False,False,False,0,True,False,53.502261752174014,,71.1216953029121,2.3034035757423967,72.58999633789062,98.0149883401805,3.171270455557014,98.43000030517578,1158.8436502123636,,0.5293063215369009,0.01291713039100009,0.5510900020599365,8283.3866807281,,27349.398301977042,,64.12445996456219,1.6290511382706192,66.45500183105469,0,,,,,,,,,655881685.0,655881685.0,0.0,-1,0.012242087280442071
368,27,M,2025,26971070739.499,26971070739.499,0.0,0.0,0.0,0.0,0.0,C,A,20250101,2025,52,699,,,,IRQ,Iraq,0,,,H6,HS,True,,,,C00,,0,0,,-1,,False,-1,,False,False,False,0,False,True,,,,,,,,,,,,,,,,,,,,,1,29696008013.406,38612101272.429,16075481442.959,32648242127.229336,28094153840.223198,-0.09176106339535095,0.0,0.0,26971070739.499,0.8261109628626696,0.0,-1,0.011912033091988183
682,27,M,2025,22832818063.211,22832818063.211,0.0,0.0,0.0,0.0,0.0,C,A,20250101,2025,52,699,,,,SAU,Saudi Arabia,0,,,H6,HS,True,,,,C00,,0,0,,-1,,False,-1,,False,False,False,0,False,True,,,,,,,,,,,,,,,,,,,,,1,22688708643.344,37720941554.107,14683027996.679,29038135528.209,24788919102.2398,0.006351591980501409,0.0,0.0,22832818063.211,0.7863045490999288,0.0,-1,0.011845972081229172
368,04,X,2021,277471.365,0.0,277471.365,0.0,0.0,0.0,0.0,C,A,20210101,2021,52,699,,,,IRQ,Iraq,0,,,H5,HS,True,,,,C00,,0,0,,-1,,False,-1,,False,False,False,0,False,True,70.95380932944161,64.67659905367715,87.36627697122508,1.5209992746416792,84.1729965209961,101.71535091473226,1.418415954509494,100.45780181884766,1797.6690455845423,1.381993740208598,0.6729171034020026,0.014482286427544424,0.6460660099983215,16026.760651619205,43.699123357837166,53814.12340270749,41.888341273615936,73.93580224048132,0.9172934809251041,74.43119812011719,0,263.911,913117.268,396167.0,518093.2520000001,494860.2698,1050.382341016479,0.0,0.0,277471.365,0.535562592118069,0.0,-1,0.01174241990166136
682,95,M,2023,375664.127,375664.127,0.0,0.0,0.0,0.0,0.0,C,A,20230101,2023,52,699,,,,SAU,Saudi Arabia,0,,,H6,HS,True,,,,C00,,0,0,,-1,,False,-1,,False,True,False,4,False,True,82.19043816798236,-16.951114245451983,89.1475092961238,1.2207693150284755,91.89700317382812,102.69713451678936,2.243170658669431,105.6975555419922,1942.769197265625,7.927537198518797,0.5874903098894999,0.02633055994255835,0.5919479727745056,18900.59127072704,9.597677547210392,63641.145519770405,10.024905839840814,82.57708666874812,0.6018844042643178,82.302001953125,1,595.73,13805.517,89.06,5933.554999999999,5444.219999999999,629.5946099743172,0.0,0.0,375664.127,63.311813406971034,0.0,-1,0.011686462846372314
784,71,M,2024,25980192977.617,25980192977.617,0.0,0.0,0.0,0.0,0.0,C,A,20240101,2024,52,699,,,,ARE,United Arab Emirates,0,,,H6,HS,True,,,,C00,,0,0,,-1,,False,-1,,False,True,False,4,False,True,79.8213096194797,-2.8824868212292354,90.37742212892489,1.379103718282367,88.89199829101562,106.95018267449532,2.0577728939917295,107.63943481445312,2390.006343296596,23.020601040022683,0.5515179845667978,0.018563966771229647,0.5440160036087036,23493.810340447155,24.30198613328052,77296.5194515306,21.456832400224624,83.67036295301132,0.5804118205430948,85.7865982055664,0,14448649401.516,16217168824.555,8739727590.044,15147064925.411001,12199893849.2478,0.798105293833974,0.0,0.0,25980192977.617,1.7151965153349373,0.0,-1,0.011636677785461735
344,02,X,2020,786735472.438,0.0,786735472.438,0.0,0.0,0.0,0.0,C,A,20200101,2020,52,699,,,,HKG,Hong Kong,0,,,H5,HS,True,,,,C00,,0,0,,-1,,False,-1,,False,False,False,0,False,True,43.086758979224406,-32.84549157946846,84.50785661653708,3.548502407291178,89.9540023803711,95.31910740510197,2.4186207367831445,99.96320343017578,1773.164029690588,27.31641696012572,0.6934796790130265,0.020974948014682814,0.7089869976043701,11152.99820703125,-2.4733869614795068,37927.09317739709,-1.1590201568867697,74.22281195371205,1.6159365839212578,73.13400268554688,1,39531202.687,33852064.621,4583392.0,26118096.233999997,18740308.5404,18.90163260822624,0.0,0.0,786735472.438,30.122236528627383,0.0,-1,0.011466777467423084
344,85,M,2022,8454639631.659,8454639631.659,0.0,0.0,0.0,0.0,0.0,C,A,20220101,2022,52,699,,,,HKG,Hong Kong,0,,,H6,HS,True,,,,C00,,0,0,,-1,,False,-1,,False,True,False,4,False,True,98.96633461272098,39.479945542058225,82.59736524728628,2.224020515218701,88.22100067138672,97.03307958749625,3.3910504371003816,99.90866088867188,1800.0681269064366,0.13345511665714405,0.5993327853771356,0.031975679177647355,0.6217989921569824,17245.430463237146,7.603968375822823,57842.490328881046,7.4857057431337415,78.57705098665677,2.7095097619451263,82.83509826660156,1,8561232061.16,8802300824.917,1268518597.69,8172916657.405666,6587300585.8772,-0.0124505945802568,0.0,0.0,8454639631.659,1.0344703104243769,0.0,-1,0.011450931748996362
643,27,M,2024,59534289660.861,59534289660.861,0.0,0.0,0.0,0.0,0.0,C,A,20240101,2024,52,699,,,,RUS,Russian Federation,0,,,H6,HS,True,,,,C00,,0,0,,-1,,False,-1,,False,False,False,0,False,True,79.8213096194797,-2.8824868212292354,90.37742212892489,1.379103718282367,88.89199829101562,106.95018267449532,2.0577728939917295,107.63943481445312,2390.006343296596,23.020601040022683,0.5515179845667978,0.018563966771229647,0.5440160036087036,23493.810340447155,24.30198613328052,77296.5194515306,21.456832400224624,83.67036295301132,0.5804118205430948,85.7865982055664,0,58730524731.031,4668174475.723,2872957681.181,32457527834.246662,20458176920.443798,0.013685641895947896,0.0,0.0,59534289660.861,1.834221323475075,0.0,-1,0.011435244682861723
56,04,X,2017,387321.145,0.0,387321.145,0.0,0.0,0.0,0.0,C,A,20170101,2017,52,699,,,,BEL,Belgium,0,,,H5,HS,True,,,,C00,,0 ,0,,-1,,False,-1,,False,False,False,0,False,True,54.72601599522321,21.182283221104004,73.3561897573545,2.6296543062887414,76.43199920654297,83.84142619879671,1.8276237573867427,86.08499908447266,1257.6972126143862,0.6394472105734073,0.5797209679618363,0.00845371750427492,0.5670099854469299,9590.717942760837,18.577264367097147,30928.83382686492,17.30011330006549,65.1095932213835,1.2484158816683097,64.06199645996094,0,135.0,,,135.0,135.0,2868.0455185185187,0.0,0.0,387321.145,2869.0455185185187,0.0,-1,0.011405917523531373
156,40,M,2024,410036558.266,410036558.266,0.0,0.0,0.0,0.0,0.0,C,A,20240101,2024,52,699,,,,CHN,China,0,,,H6,HS,True,,,,C00,,0,0,,-1,,False,-1,,False,True,False,4,False,True,79.8213096194797,-2.8824868212292354,90.37742212892489,1.379103718282367,88.89199829101562,106.95018267449532,2.0577728939917295,107.63943481445312,2390.006343296596,23.020601040022683,0.5515179845667978,0.018563966771229647,0.5440160036087036,23493.810340447155,24.30198613328052,77296.5194515306,21.456832400224624,83.67036295301132,0.5804118205430948,85.7865982055664,0,85165.015,276245678.646,283533025.38,212563885.80100003,223480177.23240003,4813.612646589682,0.0,0.0,410036558.266,1.929003869687778,0.0,-1,0.011160506610664145
643,89,M,2020,356996263.557,356996263.557,0.0,0.0,0.0,0.0,0.0,C,A,20200101,2020,52,699,,,,RUS,Russian Federation,0,,,H5,HS,True,,,,C00,,0,0,,-1,,False,-1,,False,True,False,4,False,True,43.086758979224406,-32.84549157946846,84.50785661653708,3.548502407291178,89.9540023803711,95.31910740510197,2.4186207367831445,99.96320343017578,1773.164029690588,27.31641696012572,0.6934796790130265,0.020974948014682814,0.7089869976043701,11152.99820703125,-2.4733869614795068,37927.09317739709,-1.1590201568867697,74.22281195371205,1.6159365839212578,73.13400268554688,1,6376264.215,1785269.453,67353312.0,9700418.597333334,22669384.1584,54.98831094815289,0.0,0.0,356996263.557,36.802150337629655,0.0,-1,0.011130917967085985
156,85,M,2017,27521105020.271,27521105020.271,0.0,0.0,0.0,0.0,0.0,C,A,20170101,2017,52,699,,,,CHN,China,0,,,H5,HS,True,,,,C00,,0 ,0,,-1,,False,-1,,False,True,False,0,False,True,54.72601599522321,21.182283221104004,73.3561897573545,2.6296543062887414,76.43199920654297,83.84142619879671,1.8276237573867427,86.08499908447266,1257.6972126143862,0.6394472105734073,0.5797209679618363,0.00845371750427492,0.5670099854469299,9590.717942760837,18.577264367097147,30928.83382686492,17.30011330006549,65.1095932213835,1.2484158816683097,64.06199645996094,0,20871192702.0,,,20111880139.5,20111880139.5,0.31861678502128754,0.0,0.0,27521105020.271,1.368400409577779,0.0,-1,0.010865291441979896
344,85,M,2018,7149234359.479,7149234359.479,0.0,0.0,0.0,0.0,0.0,C,A,20180101,2018,52,699,,,,HKG,Hong Kong,0,,,H5,HS,True,,,,C00,,0 ,0,,-1,,False,-1,,False,True,False,0,False,True,71.7671713810043,31.13903885725675,80.58883807302891,2.0745990099761857,79.9469985961914,91.28527188940524,2.4727537177418255,88.85800170898438,1267.5996005859374,0.7873427620123996,0.6182982759457438,0.021666730250215326,0.6332399845123291,10750.673270089286,12.094561994746122,35399.664491234755,14.455219001779662,68.45175550906595,3.265876416745794,69.92250061035156,0,1268518597.69,978216956.0,,1082659723.5633333,1082659723.5633333,4.635892427984825,0.0,0.0,7149234359.479,6.603399206492035,0.0,-1,0.010809641655569413
842,30,X,2021,6617245679.159,0.0,6617245679.159,0.0,0.0,0.0,0.0,C,A,20210101,2021,52,699,,,,USA,USA,0,,,H5,HS,True,,,,C00,,0,0,,-1,,False,-1,,False,True,False,4,False,True,70.95380932944161,64.67659905367715,87.36627697122508,1.5209992746416792,84.1729965209961,101.71535091473226,1.418415954509494,100.45780181884766,1797.6690455845423,1.381993740208598,0.6729171034020026,0.014482286427544424,0.6460660099983215,16026.760651619205,43.699123357837166,53814.12340270749,41.888341273615936,73.93580224048132,0.9172934809251041,74.43119812011719,0,6991639471.958,5033451310.864,5186187172.0,6126401690.62,5629267371.249001,-0.05354878413004772,0.0,0.0,6617245679.159,1.0801194589134633,0.0,-1,0.010784428786288935
344,71,X,2020,7678305950.882,0.0,7678305950.882,0.0,0.0,0.0,0.0,C,A,20200101,2020,52,699,,,,HKG,Hong Kong,0,,,H5,HS,True,,,,C00,,0,0,,-1,,False,-1,,False,True,False,4,False,True,43.086758979224406,-32.84549157946846,84.50785661653708,3.548502407291178,89.9540023803711,95.31910740510197,2.4186207367831445,99.96320343017578,1773.164029690588,27.31641696012572,0.6934796790130265,0.020974948014682814,0.7089869976043701,11152.99820703125,-2.4733869614795068,37927.09317739709,-1.1590201568867697,74.22281195371205,1.6159365839212578,73.13400268554688,1,9863359798.052,13654946625.559,10918346877.0,11592766290.759,11549286504.8554,-0.22153240801390467,0.0,0.0,7678305950.882,0.6623359566044772,0.0,-1,0.010682625258150336
276,39,M,2015,640878072.0,640878072.0,0.0,0.0,0.0,0.0,0.0,C,A,20150101,2015,52,699,,,,DEU,Germany,0,,,H4,HS,True,,,,C00,,0,0,,-1,,False,-1,,False,False,False,0,True,False,53.502261752174014,,71.1216953029121,2.3034035757423967,72.58999633789062,98.0149883401805,3.171270455557014,98.43000030517578,1158.8436502123636,,0.5293063215369009,0.01291713039100009,0.5510900020599365,8283.3866807281,,27349.398301977042,,64.12445996456219,1.6290511382706192,66.45500183105469,0,,,,,,,,,640878072.0,640878072.0,0.0,-1,0.010650886912191848
276,02,X,2023,3957.894,0.0,3957.894,0.0,0.0,0.0,0.0,C,A,20230101,2023,52,699,,,,DEU,Germany,0,,,H6,HS,True,,,,C00,,0,0,,-1,,False,-1,,False,False,False,0,False,True,82.19043816798236,-16.951114245451983,89.1475092961238,1.2207693150284755,91.89700317382812,102.69713451678936,2.243170658669431,105.6975555419922,1942.769197265625,7.927537198518797,0.5874903098894999,0.02633055994255835,0.5919479727745056,18900.59127072704,9.597677547210392,63641.145519770405,10.024905839840814,82.57708666874812,0.6018844042643178,82.302001953125,1,0.108,11931.993,159801.0,4138.540666666667,34834.144199999995,36646.166666666664,0.0,0.0,3957.894,0.9563501530571725,0.0,-1,0.010632899780777194
36,27,M,2023,12997687731.601,12997687731.601,0.0,0.0,0.0,0.0,0.0,C,A,20230101,2023,52,699,,,,AUS,Australia,0,,,H6,HS,True,,,,C00,,0,0,,-1,,False,-1,,False,False,False,0,False,True,82.19043816798236,-16.951114245451983,89.1475092961238,1.2207693150284755,91.89700317382812,102.69713451678936,2.243170658669431,105.6975555419922,1942.769197265625,7.927537198518797,0.5874903098894999,0.02633055994255835,0.5919479727745056,18900.59127072704,9.597677547210392,63641.145519770405,10.024905839840814,82.57708666874812,0.6018844042643178,82.302001953125,1,16020011008.408,5556685905.925,10299408857.069,10996506639.412668,10302628416.9272,-0.18865925093439412,0.0,0.0,12997687731.601,1.1819833477857307,0.0,-1,0.010440734084265935
156,29,M,2020,8198196738.423,8198196738.423,0.0,0.0,0.0,0.0,0.0,C,A,20200101,2020,52,699,,,,CHN,China,0,,,H5,HS,True,,,,C00,,0,0,,-1,,False,-1,,False,True,False,4,False,True,43.086758979224406,-32.84549157946846,84.50785661653708,3.548502407291178,89.9540023803711,95.31910740510197,2.4186207367831445,99.96320343017578,1773.164029690588,27.31641696012572,0.6934796790130265,0.020974948014682814,0.7089869976043701,11152.99820703125,-2.4733869614795068,37927.09317739709,-1.1590201568867697,74.22281195371205,1.6159365839212578,73.13400268554688,1,8232331708.172,6566339260.495,6162354390.0,7773849027.273666,7013890839.564199,-0.004146452178926997,0.0,0.0,8198196738.423,1.0545865644754044,0.0,-1,0.00999398401393592
784,27,M,2025,23467479902.772,23467479902.772,0.0,0.0,0.0,0.0,0.0,C,A,20250101,2025,52,699,,,,ARE,United Arab Emirates,0,,,H6,HS,True,,,,C00,,0,0,,-1,,False,-1,,False,False,False,0,False,True,,,,,,,,,,,,,,,,,,,,,1,22785324553.381,28252393929.196,11908140908.794,22623079441.869335,19807454582.2552,0.029938364397349662,0.0,0.0,23467479902.772,1.0373247357006536,0.0,-1,0.009990994564889832
156,61,M,2025,283238552.776,283238552.776,0.0,0.0,0.0,0.0,0.0,C,A,20250101,2025,52,699,,,,CHN,China,0,,,H6,HS,True,,,,C00,,0,0,,-1,,False,-1,,False,True,False,4,False,True,,,,,,,,,,,,,,,,,,,,,1,174106.528,215224925.971,135791316.942,127470940.962,139449076.3534,1625.8117917784223,0.0,0.0,283238552.776,2.221985266904364,0.0,-1,0.009863779230571135
344,85,M,2020,7155217086.14,7155217086.14,0.0,0.0,0.0,0.0,0.0,C,A,20200101,2020,52,699,,,,HKG,Hong Kong,0,,,H5,HS,True,,,,C00,,0,0,,-1,,False,-1,,False,True,False,4,False,True,43.086758979224406,-32.84549157946846,84.50785661653708,3.548502407291178,89.9540023803711,95.31910740510197,2.4186207367831445,99.96320343017578,1773.164029690588,27.31641696012572,0.6934796790130265,0.020974948014682814,0.7089869976043701,11152.99820703125,-2.4733869614795068,37927.09317739709,-1.1590201568867697,74.22281195371205,1.6159365839212578,73.13400268554688,1,8802300824.917,1268518597.69,978216956.0,5740017927.3619995,3839902871.0171995,-0.18711968285775218,0.0,0.0,7155217086.14,1.2465496060616659,0.0,-1,0.009834684173837926
842,30,X,2020,6991639471.958,0.0,6991639471.958,0.0,0.0,0.0,0.0,C,A,20200101,2020,52,699,,,,USA,USA,0,,,H5,HS,True,,,,C00,,0,0,,-1,,False,-1,,False,True,False,4,False,True,43.086758979224406,-32.84549157946846,84.50785661653708,3.548502407291178,89.9540023803711,95.31910740510197,2.4186207367831445,99.96320343017578,1773.164029690588,27.31641696012572,0.6934796790130265,0.020974948014682814,0.7089869976043701,11152.99820703125,-2.4733869614795068,37927.09317739709,-1.1590201568867697,74.22281195371205,1.6159365839212578,73.13400268554688,1,6354114289.038,4580944612.385,4742511970.0,5322836737.429,5179441870.857401,0.10033265911188388,0.0,0.0,6991639471.958,1.313517550293127,0.0,-1,0.009734137715639468
368,27,M,2024,29696008013.406,29696008013.406,0.0,0.0,0.0,0.0,0.0,C,A,20240101,2024,52,699,,,,IRQ,Iraq,0,,,H6,HS,True,,,,C00,,0,0,,-1,,False,-1,,False,False,False,0,False,True,79.8213096194797,-2.8824868212292354,90.37742212892489,1.379103718282367,88.89199829101562,106.95018267449532,2.0577728939917295,107.63943481445312,2390.006343296596,23.020601040022683,0.5515179845667978,0.018563966771229647,0.5440160036087036,23493.810340447155,24.30198613328052,77296.5194515306,21.456832400224624,83.67036295301132,0.5804118205430948,85.7865982055664,0,29636617095.853,26450561376.469,22025731343.719,31566426581.583668,26560098506.2858,0.0020039708770036393,0.0,0.0,29696008013.406,0.9407465851941283,0.0,-1,0.009662889204741232
156,93,M,2022,478043.721,478043.721,0.0,0.0,0.0,0.0,0.0,C,A,20220101,2022,52,699,,,,CHN,China,0,,,H6,HS,True,,,,C00,,0,0,,-1,,False,-1,,False,True,False,4,False,True,98.96633461272098,39.479945542058225,82.59736524728628,2.224020515218701,88.22100067138672,97.03307958749625,3.3910504371003816,99.90866088867188,1800.0681269064366,0.13345511665714405,0.5993327853771356,0.031975679177647355,0.6217989921569824,17245.430463237146,7.603968375822823,57842.490328881046,7.4857057431337415,78.57705098665677,2.7095097619451263,82.83509826660156,1,1244.252,76976.377,73386.953,44184.670666666665,44946.482,383.2016898506091,0.0,0.0,478043.721,10.81922109607667,0.0,-1,0.009550141880715679
842,71,M,2022,8027024180.099,8027024180.099,0.0,0.0,0.0,0.0,0.0,C,A,20220101,2022,52,699,,,,USA,USA,0,,,H6,HS,True,,,,C00,,0,0,,-1,,False,-1,,False,True,False,4,False,True,98.96633461272098,39.479945542058225,82.59736524728628,2.224020515218701,88.22100067138672,97.03307958749625,3.3910504371003816,99.90866088867188,1800.0681269064366,0.13345511665714405,0.5993327853771356,0.031975679177647355,0.6217989921569824,17245.430463237146,7.603968375822823,57842.490328881046,7.4857057431337415,78.57705098665677,2.7095097619451263,82.83509826660156,1,7071495460.074,6750195954.968,2782688645.176,6097601973.631667,5620064496.8766,0.1351239954009672,0.0,0.0,8027024180.099,1.3164231143342715,0.0,-1,0.009525548601137523
784,71,M,2023,14448649401.516,14448649401.516,0.0,0.0,0.0,0.0,0.0,C,A,20230101,2023,52,699,,,,ARE,United Arab Emirates,0,,,H6,HS,True,,,,C00,,0,0,,-1,,False,-1,,False,True,False,4,False,True,82.19043816798236,-16.951114245451983,89.1475092961238,1.2207693150284755,91.89700317382812,102.69713451678936,2.243170658669431,105.6975555419922,1942.769197265625,7.927537198518797,0.5874903098894999,0.02633055994255835,0.5919479727745056,18900.59127072704,9.597677547210392,63641.145519770405,10.024905839840814,82.57708666874812,0.6018844042643178,82.302001953125,1,14775376550.162,6818546879.962,7495451290.079,12603697418.226334,10809254226.9604,-0.02211294903630849,0.0,0.0,14448649401.516,1.1463818054392247,0.0,-1,0.009295021464940878
702,08,M,2018,102906639.363,102906639.363,0.0,0.0,0.0,0.0,0.0,C,A,20180101,2018,52,699,,,,SGP,Singapore,0,,,H5,HS,True,,,,C00,,0 ,0,,-1,,False,-1,,False,False,False,0,False,True,71.7671713810043,31.13903885725675,80.58883807302891,2.0745990099761857,79.9469985961914,91.28527188940524,2.4727537177418255,88.85800170898438,1267.5996005859374,0.7873427620123996,0.6182982759457438,0.021666730250215326,0.6332399845123291,10750.673270089286,12.094561994746122,35399.664491234755,14.455219001779662,68.45175550906595,3.265876416745794,69.92250061035156,0,50818.832,383781.0,,1513237.9440000001,1513237.9440000001,2023.9705731725594,0.0,0.0,102906639.363,68.0042684437207,0.0,-1,0.009188651779334367
842,71,X,2020,7827002581.839,0.0,7827002581.839,0.0,0.0,0.0,0.0,C,A,20200101,2020,52,699,,,,USA,USA,0,,,H5,HS,True,,,,C00,,0,0,,-1,,False,-1,,False,True,False,4,False,True,43.086758979224406,-32.84549157946846,84.50785661653708,3.548502407291178,89.9540023803711,95.31910740510197,2.4186207367831445,99.96320343017578,1773.164029690588,27.31641696012572,0.6934796790130265,0.020974948014682814,0.7089869976043701,11152.99820703125,-2.4733869614795068,37927.09317739709,-1.1590201568867697,74.22281195371205,1.6159365839212578,73.13400268554688,1,9527961035.309,9560130855.863,8161112935.0,9860994758.954332,9533915648.7726,-0.17852281796352212,0.0,0.0,7827002581.839,0.7937335708176546,0.0,-1,0.009064498239490848
784,27,M,2018,12865989299.812,12865989299.812,0.0,0.0,0.0,0.0,0.0,C,A,20180101,2018,52,699,,,,ARE,United Arab Emirates,0,,,H5,HS,True,,,,C00,,0 ,0,,-1,,False,-1,,False,True,False,0,False,True,71.7671713810043,31.13903885725675,80.58883807302891,2.0745990099761857,79.9469985961914,91.28527188940524,2.4727537177418255,88.85800170898438,1267.5996005859374,0.7873427620123996,0.6182982759457438,0.021666730250215326,0.6332399845123291,10750.673270089286,12.094561994746122,35399.664491234755,14.455219001779662,68.45175550906595,3.265876416745794,69.92250061035156,0,9323674788.946,8545251187.0,,8643151141.982,8643151141.982,0.37992686264279757,0.0,0.0,12865989299.812,1.4885762250897816,0.0,-1,0.008985518312994878
682,27,M,2024,22688708643.344,22688708643.344,0.0,0.0,0.0,0.0,0.0,C,A,20240101,2024,52,699,,,,SAU,Saudi Arabia,0,,,H6,HS,True,,,,C00,,0,0,,-1,,False,-1,,False,False,False,0,False,True,79.8213096194797,-2.8824868212292354,90.37742212892489,1.379103718282367,88.89199829101562,106.95018267449532,2.0577728939917295,107.63943481445312,2390.006343296596,23.020601040022683,0.5515179845667978,0.018563966771229647,0.5440160036087036,23493.810340447155,24.30198613328052,77296.5194515306,21.456832400224624,83.67036295301132,0.5804118205430948,85.7865982055664,0,26704756387.176,22147160929.893,23168043842.307,28857619623.725338,24884786142.0324,-0.1503869829631009,0.0,0.0,22688708643.344,0.7862293889510708,0.0,-1,0.00876574354442028
784,71,X,2016,13286385090.0,0.0,13286385090.0,0.0,0.0,0.0,0.0,C,A,20160101,2016,52,699,,,,ARE,United Arab Emirates,0,,,H4,HS,True,,,,C00,,0,0,,-1,,False,-1,,False,False,False,0,True,False,45.16007995605469,-15.592203998329756,74.19653998480902,1.4677781619342285,71.76699829101562,91.08754797456822,5.697455140454365,83.26499938964844,1249.7060024414063,7.840777503711727,0.6183525289612255,0.03068328404346864,0.5836399793624878,8088.159221711706,-2.3568555536662816,26367.266796875,-3.591053427420543,67.16636634329727,0.6252499151739019,67.93299865722656,0,12302676030.0,,,12302676030.0,12302676030.0,0.07995895019922751,0.0,0.0,13286385090.0,1.0799589501992275,0.0,-1,0.008669391320868303
56,89,M,2023,1083098.121,1083098.121,0.0,0.0,0.0,0.0,0.0,C,A,20230101,2023,52,699,,,,BEL,Belgium,0,,,H6,HS,True,,,,C00,,0,0,,-1,,False,-1,,False,False,False,0,False,True,82.19043816798236,-16.951114245451983,89.1475092961238,1.2207693150284755,91.89700317382812,102.69713451678936,2.243170658669431,105.6975555419922,1942.769197265625,7.927537198518797,0.5874903098894999,0.02633055994255835,0.5919479727745056,18900.59127072704,9.597677547210392,63641.145519770405,10.024905839840814,82.57708666874812,0.6018844042643178,82.302001953125,1,52.929,60599078.631,158149105.096,24874599.617,53610669.6824,20462.226605452586,0.0,0.0,1083098.121,0.04354233385367861,0.0,-1,0.008306556936746534
360,27,X,2022,3665486148.346,0.0,3665486148.346,0.0,0.0,0.0,0.0,C,A,20220101,2022,52,699,,,,IDN,Indonesia,0,,,H6,HS,True,,,,C00,,0,0,,-1,,False,-1,,False,False,False,0,False,True,98.96633461272098,39.479945542058225,82.59736524728628,2.224020515218701,88.22100067138672,97.03307958749625,3.3910504371003816,99.90866088867188,1800.0681269064366,0.13345511665714405,0.5993327853771356,0.031975679177647355,0.6217989921569824,17245.430463237146,7.603968375822823,57842.490328881046,7.4857057431337415,78.57705098665677,2.7095097619451263,82.83509826660156,1,1810122783.009,157292620.26,195555930.855,702469775.4953333,515995861.42700005,1.0249931014363545,0.0,0.0,3665486148.346,5.217998376885826,0.0,-1,0.008233576642221685
784,27,M,2024,22785324553.381,22785324553.381,0.0,0.0,0.0,0.0,0.0,C,A,20240101,2024,52,699,,,,ARE,United Arab Emirates,0,,,H6,HS,True,,,,C00,,0,0,,-1,,False,-1,,False,False,False,0,False,True,79.8213096194797,-2.8824868212292354,90.37742212892489,1.379103718282367,88.89199829101562,106.95018267449532,2.0577728939917295,107.63943481445312,2390.006343296596,23.020601040022683,0.5515179845667978,0.018563966771229647,0.5440160036087036,23493.810340447155,24.30198613328052,77296.5194515306,21.456832400224624,83.67036295301132,0.5804118205430948,85.7865982055664,0,16831519843.031,19259893676.874,14854090373.412,21447935816.367,18221207746.261402,0.3537294769500653,0.0,0.0,22785324553.381,1.062355125848215,0.0,-1,0.008219180574416396
682,93,X,2020,120150.217,0.0,120150.217,0.0,0.0,0.0,0.0,C,A,20200101,2020,52,699,,,,SAU,Saudi Arabia,0,,,H5,HS,True,,,,C00,,0,0,,-1,,False,-1,,False,True,False,4,False,True,43.086758979224406,-32.84549157946846,84.50785661653708,3.548502407291178,89.9540023803711,95.31910740510197,2.4186207367831445,99.96320343017578,1773.164029690588,27.31641696012572,0.6934796790130265,0.020974948014682814,0.7089869976043701,11152.99820703125,-2.4733869614795068,37927.09317739709,-1.1590201568867697,74.22281195371205,1.6159365839212578,73.13400268554688,1,1148.93,146.509,7915.0,588.7173333333334,8797.2304,103.57575048088222,0.0,0.0,120150.217,204.08812548410327,0.0,-1,0.007862307430167026
842,27,M,2020,6852552664.765,6852552664.765,0.0,0.0,0.0,0.0,0.0,C,A,20200101,2020,52,699,,,,USA,USA,0,,,H5,HS,True,,,,C00,,0,0,,-1,,False,-1,,False,True,False,4,False,True,43.086758979224406,-32.84549157946846,84.50785661653708,3.548502407291178,89.9540023803711,95.31910740510197,2.4186207367831445,99.96320343017578,1773.164029690588,27.31641696012572,0.6934796790130265,0.020974948014682814,0.7089869976043701,11152.99820703125,-2.4733869614795068,37927.09317739709,-1.1590201568867697,74.22281195371205,1.6159365839212578,73.13400268554688,1,8254509392.792,3264039101.397,1324852304.0,6087288435.149666,4188385265.4897995,-0.16984131476683711,0.0,0.0,6852552664.765,1.1257151255058804,0.0,-1,0.007676108729407494
56,01,M,2020,88825.862,88825.862,0.0,0.0,0.0,0.0,0.0,C,A,20200101,2020,52,699,,,,BEL,Belgium,0,,,H5,HS,True,,,,C00,,0,0,,-1,,False,-1,,False,True,False,4,False,True,43.086758979224406,-32.84549157946846,84.50785661653708,3.548502407291178,89.9540023803711,95.31910740510197,2.4186207367831445,99.96320343017578,1773.164029690588,27.31641696012572,0.6934796790130265,0.020974948014682814,0.7089869976043701,11152.99820703125,-2.4733869614795068,37927.09317739709,-1.1590201568867697,74.22281195371205,1.6159365839212578,73.13400268554688,1,86.045,75.782,2516.0,24759.74666666667,15833.448,1031.3186937067812,0.0,0.0,88825.862,3.5875109384533275,0.0,-1,0.0073168284605574785
784,39,M,2015,634843041.0,634843041.0,0.0,0.0,0.0,0.0,0.0,C,A,20150101,2015,52,699,,,,ARE,United Arab Emirates,0,,,H4,HS,True,,,,C00,,0,0,,-1,,False,-1,,False,False,False,0,True,False,53.502261752174014,,71.1216953029121,2.3034035757423967,72.58999633789062,98.0149883401805,3.171270455557014,98.43000030517578,1158.8436502123636,,0.5293063215369009,0.01291713039100009,0.5510900020599365,8283.3866807281,,27349.398301977042,,64.12445996456219,1.6290511382706192,66.45500183105469,0,,,,,,,,,634843041.0,634843041.0,0.0,-1,0.0072122087268208235
344,31,M,2024,52272.894,52272.894,0.0,0.0,0.0,0.0,0.0,C,A,20240101,2024,52,699,,,,HKG,Hong Kong,0,,,H6,HS,True,,,,C00,,0,0,,-1,,False,-1,,False,False,False,0,False,True,79.8213096194797,-2.8824868212292354,90.37742212892489,1.379103718282367,88.89199829101562,106.95018267449532,2.0577728939917295,107.63943481445312,2390.006343296596,23.020601040022683,0.5515179845667978,0.018563966771229647,0.5440160036087036,23493.810340447155,24.30198613328052,77296.5194515306,21.456832400224624,83.67036295301132,0.5804118205430948,85.7865982055664,0,2.421,895830.418,402204.896,631074.482,598614.3134,21590.44733581165,0.0,0.0,52272.894,0.08283157613081875,0.0,-1,0.00705026573147205
410,29,M,2015,629506809.0,629506809.0,0.0,0.0,0.0,0.0,0.0,C,A,20150101,2015,52,699,,,,KOR,South Korea,0,,,H4,HS,True,,,,C00,,0,0,,-1,,False,-1,,False,False,False,0,True,False,53.502261752174014,,71.1216953029121,2.3034035757423967,72.58999633789062,98.0149883401805,3.171270455557014,98.43000030517578,1158.8436502123636,,0.5293063215369009,0.01291713039100009,0.5510900020599365,8283.3866807281,,27349.398301977042,,64.12445996456219,1.6290511382706192,66.45500183105469,0,,,,,,,,,629506809.0,629506809.0,0.0,-1,0.006988637395292763
410,87,M,2015,628627393.0,628627393.0,0.0,0.0,0.0,0.0,0.0,C,A,20150101,2015,52,699,,,,KOR,South Korea,0,,,H4,HS,True,,,,C00,,0,0,,-1,,False,-1,,False,False,False,0,True,False,53.502261752174014,,71.1216953029121,2.3034035757423967,72.58999633789062,98.0149883401805,3.171270455557014,98.43000030517578,1158.8436502123636,,0.5293063215369009,0.01291713039100009,0.5510900020599365,8283.3866807281,,27349.398301977042,,64.12445996456219,1.6290511382706192,66.45500183105469,0,,,,,,,,,628627393.0,628627393.0,0.0,-1,0.006988637395292763
276,84,X,2015,628285210.0,0.0,628285210.0,0.0,0.0,0.0,0.0,C,A,20150101,2015,52,699,,,,DEU,Germany,0,,,H4,HS,True,,,,C00,,0,0,,-1,,False,-1,,False,False,False,0,True,False,53.502261752174014,,71.1216953029121,2.3034035757423967,72.58999633789062,98.0149883401805,3.171270455557014,98.43000030517578,1158.8436502123636,,0.5293063215369009,0.01291713039100009,0.5510900020599365,8283.3866807281,,27349.398301977042,,64.12445996456219,1.6290511382706192,66.45500183105469,0,,,,,,,,,628285210.0,628285210.0,0.0,-1,0.006988637395292763
682,71,M,2015,629906409.0,629906409.0,0.0,0.0,0.0,0.0,0.0,C,A,20150101,2015,52,699,,,,SAU,Saudi Arabia,0,,,H4,HS,True,,,,C00,,0,0,,-1,,False,-1,,False,False,False,0,True,False,53.502261752174014,,71.1216953029121,2.3034035757423967,72.58999633789062,98.0149883401805,3.171270455557014,98.43000030517578,1158.8436502123636,,0.5293063215369009,0.01291713039100009,0.5510900020599365,8283.3866807281,,27349.398301977042,,64.12445996456219,1.6290511382706192,66.45500183105469,0,,,,,,,,,629906409.0,629906409.0,0.0,-1,0.006988637395292763
360,27,M,2023,9786379611.107,9786379611.107,0.0,0.0,0.0,0.0,0.0,C,A,20230101,2023,52,699,,,,IDN,Indonesia,0,,,H6,HS,True,,,,C00,,0,0,,-1,,False,-1,,False,True,False,4,False,True,82.19043816798236,-16.951114245451983,89.1475092961238,1.2207693150284755,91.89700317382812,102.69713451678936,2.243170658669431,105.6975555419922,1942.769197265625,7.927537198518797,0.5874903098894999,0.02633055994255835,0.5919479727745056,18900.59127072704,9.597677547210392,63641.145519770405,10.024905839840814,82.57708666874812,0.6018844042643178,82.302001953125,1,14731851727.902,5102973456.392,6995235584.562,8719637195.556334,8064154615.8754,-0.33569928669783705,0.0,0.0,9786379611.107,1.1223379358139232,0.0,-1,0.006946741172874971
643,74,M,2023,98218493.167,98218493.167,0.0,0.0,0.0,0.0,0.0,C,A,20230101,2023,52,699,,,,RUS,Russian Federation,0,,,H6,HS,True,,,,C00,,0,0,,-1,,False,-1,,False,True,False,4,False,True,82.19043816798236,-16.951114245451983,89.1475092961238,1.2207693150284755,91.89700317382812,102.69713451678936,2.243170658669431,105.6975555419922,1942.769197265625,7.927537198518797,0.5874903098894999,0.02633055994255835,0.5919479727745056,18900.59127072704,9.597677547210392,63641.145519770405,10.024905839840814,82.57708666874812,0.6018844042643178,82.302001953125,1,230767.072,1143864.049,2440971.554,973009.1083333334,1256005.3202,424.6174518997234,0.0,0.0,98218493.167,100.94303570830738,0.0,-1,0.006817818637888218
842,71,X,2023,10166523031.565,0.0,10166523031.565,0.0,0.0,0.0,0.0,C,A,20230101,2023,52,699,,,,USA,USA,0,,,H6,HS,True,,,,C00,,0,0,,-1,,False,-1,,False,True,False,4,False,True,82.19043816798236,-16.951114245451983,89.1475092961238,1.2207693150284755,91.89700317382812,102.69713451678936,2.243170658669431,105.6975555419922,1942.769197265625,7.927537198518797,0.5874903098894999,0.02633055994255835,0.5919479727745056,18900.59127072704,9.597677547210392,63641.145519770405,10.024905839840814,82.57708666874812,0.6018844042643178,82.302001953125,1,13664317823.195,7827002581.839,10494892385.691,11865660220.895666,11123966816.7374,-0.2559801987108744,0.0,0.0,10166523031.565,0.8568021367796753,0.0,-1,0.006815992413125804
784,27,M,2019,14854090373.412,14854090373.412,0.0,0.0,0.0,0.0,0.0,C,A,20190101,2019,52,699,,,,ARE,United Arab Emirates,0,,,H5,HS,True,,,,C00,,0,0,,-1,,False,-1,,False,True,False,4,False,True,64.1606349188184,-10.598907990679473,78.73804596648819,1.1712149042215123,79.81300354003906,90.01791770613514,2.5288453676700766,93.83525848388672,1392.7222207690043,9.870831461703666,0.645140199477856,0.015215529811722375,0.6542050242424011,11435.85105598418,6.373347684197661,38371.830426607885,8.396028544589917,70.50973287729117,1.0133526749385167,71.31099700927734,0,12865989299.812,8060527450.0,,10083397179.586,9698860681.439499,0.15452376239960428,0.0,0.0,14854090373.412,1.473123601982509,0.0,-1,0.00677612866349131
784,71,M,2020,6818546879.962,6818546879.962,0.0,0.0,0.0,0.0,0.0,C,A,20200101,2020,52,699,,,,ARE,United Arab Emirates,0,,,H5,HS,True,,,,C00,,0,0,,-1,,False,-1,,False,True,False,4,False,True,43.086758979224406,-32.84549157946846,84.50785661653708,3.548502407291178,89.9540023803711,95.31910740510197,2.4186207367831445,99.96320343017578,1773.164029690588,27.31641696012572,0.6934796790130265,0.020974948014682814,0.7089869976043701,11152.99820703125,-2.4733869614795068,37927.09317739709,-1.1590201568867697,74.22281195371205,1.6159365839212578,73.13400268554688,1,8739727590.044,10021353335.414,8183893534.0,8752177405.179,8427931584.5074005,-0.21982157799409494,0.0,0.0,6818546879.962,0.7790686322157048,0.0,-1,0.0065310333789129205
702,07,M,2018,9912108.383,9912108.383,0.0,0.0,0.0,0.0,0.0,C,A,20180101,2018,52,699,,,,SGP,Singapore,0,,,H5,HS,True,,,,C00,,0 ,0,,-1,,False,-1,,False,False,False,0,False,True,71.7671713810043,31.13903885725675,80.58883807302891,2.0745990099761857,79.9469985961914,91.28527188940524,2.4727537177418255,88.85800170898438,1267.5996005859374,0.7873427620123996,0.6182982759457438,0.021666730250215326,0.6332399845123291,10750.673270089286,12.094561994746122,35399.664491234755,14.455219001779662,68.45175550906595,3.265876416745794,69.92250061035156,0,6819.0,,,10751.5,10751.5,1452.6014639976536,0.0,0.0,9912108.383,921.9279526577686,0.0,-1,0.006378661501863281
156,52,M,2024,97326123.06,97326123.06,0.0,0.0,0.0,0.0,0.0,C,A,20240101,2024,52,699,,,,CHN,China,0,,,H6,HS,True,,,,C00,,0,0,,-1,,False,-1,,False,True,False,4,False,True,79.8213096194797,-2.8824868212292354,90.37742212892489,1.379103718282367,88.89199829101562,106.95018267449532,2.0577728939917295,107.63943481445312,2390.006343296596,23.020601040022683,0.5515179845667978,0.018563966771229647,0.5440160036087036,23493.810340447155,24.30198613328052,77296.5194515306,21.456832400224624,83.67036295301132,0.5804118205430948,85.7865982055664,0,10298.446,94003109.072,124391131.413,74980917.22933333,83054546.5172,9449.564003539952,0.0,0.0,97326123.06,1.2980119029795623,0.0,-1,0.006311165998220791
842,03,M,2025,60450863.49,60450863.49,0.0,0.0,0.0,0.0,0.0,C,A,20250101,2025,52,699,,,,USA,USA,842,,,H6,HS,True,,,,C00,,0,0,,-1,,False,-1,,False,False,False,0,False,True,,,,,,,,,,,,,,,,,,,,,1,65919.42,35252582.279,30540860.762,12239851.739666665,20379183.434199996,916.0417987597585,0.0,0.0,60450863.49,4.938855860001316,0.0,-1,0.005728504909419896
156,84,M,2019,13873013150.17,13873013150.17,0.0,0.0,0.0,0.0,0.0,C,A,20190101,2019,52,699,,,,CHN,China,0,,,H5,HS,True,,,,C00,,0,0,,-1,,False,-1,,False,True,False,4,False,True,64.1606349188184,-10.598907990679473,78.73804596648819,1.1712149042215123,79.81300354003906,90.01791770613514,2.5288453676700766,93.83525848388672,1392.7222207690043,9.870831461703666,0.645140199477856,0.015215529811722375,0.6542050242424011,11435.85105598418,6.373347684197661,38371.830426607885,8.396028544589917,70.50973287729117,1.0133526749385167,71.31099700927734,0,13621572639.484,10728063761.0,,12384762807.862333,11934706602.64675,0.01845899275661945,0.0,0.0,13873013150.17,1.1201678518512173,0.0,-1,0.005545824490742812
842,30,X,2022,6705766331.557,0.0,6705766331.557,0.0,0.0,0.0,0.0,C,A,20220101,2022,52,699,,,,USA,USA,0,,,H6,HS,True,,,,C00,,0,0,,-1,,False,-1,,False,True,False,4,False,True,98.96633461272098,39.479945542058225,82.59736524728628,2.224020515218701,88.22100067138672,97.03307958749625,3.3910504371003816,99.90866088867188,1800.0681269064366,0.13345511665714405,0.5993327853771356,0.031975679177647355,0.6217989921569824,17245.430463237146,7.603968375822823,57842.490328881046,7.4857057431337415,78.57705098665677,2.7095097619451263,82.83509826660156,1,6617245679.159,6354114289.038,4580944612.385,6654333146.718333,5915479072.6807995,0.01337726551045178,0.0,0.0,6705766331.557,1.0077292771048039,0.0,-1,0.005480448780678104
410,18,X,2019,14394.447,0.0,14394.447,0.0,0.0,0.0,0.0,C,A,20190101,2019,52,699,,,,KOR,South Korea,0,,,H5,HS,True,,,,C00,,0,0,,-1,,False,-1,,False,False,False,0,False,True,64.1606349188184,-10.598907990679473,78.73804596648819,1.1712149042215123,79.81300354003906,90.01791770613514,2.5288453676700766,93.83525848388672,1392.7222207690043,9.870831461703666,0.645140199477856,0.015215529811722375,0.6542050242424011,11435.85105598418,6.373347684197661,38371.830426607885,8.396028544589917,70.50973287729117,1.0133526749385167,71.31099700927734,0,0.643,12286626.0,,5081091.881,5081091.881,22385.38724727838,0.0,0.0,14394.447,0.0028329436540649715,0.0,-1,0.005255943646500394
784,10,X,2015,599699084.0,0.0,599699084.0,0.0,0.0,0.0,0.0,C,A,20150101,2015,52,699,,,,ARE,United Arab Emirates,0,,,H4,HS,True,,,,C00,,0,0,,-1,,False,-1,,False,False,False,0,True,False,53.502261752174014,,71.1216953029121,2.3034035757423967,72.58999633789062,98.0149883401805,3.171270455557014,98.43000030517578,1158.8436502123636,,0.5293063215369009,0.01291713039100009,0.5510900020599365,8283.3866807281,,27349.398301977042,,64.12445996456219,1.6290511382706192,66.45500183105469,0,,,,,,,,,599699084.0,599699084.0,0.0,-1,0.005232284872702553
276,61,X,2015,599778515.0,0.0,599778515.0,0.0,0.0,0.0,0.0,C,A,20150101,2015,52,699,,,,DEU,Germany,0,,,H4,HS,True,,,,C00,,0,0,,-1,,False,-1,,False,False,False,0,True,False,53.502261752174014,,71.1216953029121,2.3034035757423967,72.58999633789062,98.0149883401805,3.171270455557014,98.43000030517578,1158.8436502123636,,0.5293063215369009,0.01291713039100009,0.5510900020599365,8283.3866807281,,27349.398301977042,,64.12445996456219,1.6290511382706192,66.45500183105469,0,,,,,,,,,599778515.0,599778515.0,0.0,-1,0.005232284872702553
156,27,X,2015,601962207.0,0.0,601962207.0,0.0,0.0,0.0,0.0,C,A,20150101,2015,52,699,,,,CHN,China,0,,,H4,HS,True,,,,C00,,0,0,,-1,,False,-1,,False,False,False,0,True,False,53.502261752174014,,71.1216953029121,2.3034035757423967,72.58999633789062,98.0149883401805,3.171270455557014,98.43000030517578,1158.8436502123636,,0.5293063215369009,0.01291713039100009,0.5510900020599365,8283.3866807281,,27349.398301977042,,64.12445996456219,1.6290511382706192,66.45500183105469,0,,,,,,,,,601962207.0,601962207.0,0.0,-1,0.005232284872702553
344,71,X,2018,11259992448.666,0.0,11259992448.666,0.0,0.0,0.0,0.0,C,A,20180101,2018,52,699,,,,HKG,Hong Kong,0,,,H5,HS,True,,,,C00,,0 ,0,,-1,,False,-1,,False,True,False,0,False,True,71.7671713810043,31.13903885725675,80.58883807302891,2.0745990099761857,79.9469985961914,91.28527188940524,2.4727537177418255,88.85800170898438,1267.5996005859374,0.7873427620123996,0.6182982759457438,0.021666730250215326,0.6332399845123291,10750.673270089286,12.094561994746122,35399.664491234755,14.455219001779662,68.45175550906595,3.265876416745794,69.92250061035156,0,13654946625.559,10918346877.0,,12207693425.852999,12207693425.852999,-0.17539095849779318,0.0,0.0,11259992448.666,0.9223685471016176,0.0,-1,0.005018619418873493
842,84,X,2022,6323582611.654,0.0,6323582611.654,0.0,0.0,0.0,0.0,C,A,20220101,2022,52,699,,,,USA,USA,0,,,H6,HS,True,,,,C00,,0,0,,-1,,False,-1,,False,True,False,4,False,True,98.96633461272098,39.479945542058225,82.59736524728628,2.224020515218701,88.22100067138672,97.03307958749625,3.3910504371003816,99.90866088867188,1800.0681269064366,0.13345511665714405,0.5993327853771356,0.031975679177647355,0.6217989921569824,17245.430463237146,7.603968375822823,57842.490328881046,7.4857057431337415,78.57705098665677,2.7095097619451263,82.83509826660156,1,5246239121.947,4475265168.582,2730151719.817,4556595314.904,4026397872.9147997,0.20535539167478395,0.0,0.0,6323582611.654,1.3877867518694114,0.0,-1,0.004861723329677492
528,43,X,2016,397063.0,0.0,397063.0,0.0,0.0,0.0,0.0,C,A,20160101,2016,52,699,,,,NLD,Netherlands,0,,,H4,HS,True,,,,C00,,0,0,,-1,,False,-1,,False,False,False,0,True,False,45.16007995605469,-15.592203998329756,74.19653998480902,1.4677781619342285,71.76699829101562,91.08754797456822,5.697455140454365,83.26499938964844,1249.7060024414063,7.840777503711727,0.6183525289612255,0.03068328404346864,0.5836399793624878,8088.159221711706,-2.3568555536662816,26367.266796875,-3.591053427420543,67.16636634329727,0.6252499151739019,67.93299865722656,0,103.0,,,103.0,103.0,3853.980582524272,0.0,0.0,397063.0,3854.980582524272,0.0,-1,0.004757482870553109
842,16,M,2016,65579.0,65579.0,0.0,0.0,0.0,0.0,0.0,C,A,20160101,2016,52,699,,,,USA,USA,0,,,H4,HS,True,,,,C00,,0,0,,-1,,False,-1,,False,False,False,0,True,False,45.16007995605469,-15.592203998329756,74.19653998480902,1.4677781619342285,71.76699829101562,91.08754797456822,5.697455140454365,83.26499938964844,1249.7060024414063,7.840777503711727,0.6183525289612255,0.03068328404346864,0.5836399793624878,8088.159221711706,-2.3568555536662816,26367.266796875,-3.591053427420543,67.16636634329727,0.6252499151739019,67.93299865722656,0,16.0,,,16.0,16.0,4097.6875,0.0,0.0,65579.0,4098.6875,0.0,-1,0.004312076099556528
344,71,X,2016,12049786775.0,0.0,12049786775.0,0.0,0.0,0.0,0.0,C,A,20160101,2016,52,699,,,,HKG,Hong Kong,0,,,H4,HS,True,,,,C00,,0,0,,-1,,False,-1,,False,False,False,0,True,False,45.16007995605469,-15.592203998329756,74.19653998480902,1.4677781619342285,71.76699829101562,91.08754797456822,5.697455140454365,83.26499938964844,1249.7060024414063,7.840777503711727,0.6183525289612255,0.03068328404346864,0.5836399793624878,8088.159221711706,-2.3568555536662816,26367.266796875,-3.591053427420543,67.16636634329727,0.6252499151739019,67.93299865722656,0,10918346877.0,,,10918346877.0,10918346877.0,0.10362739989360754,0.0,0.0,12049786775.0,1.1036273998936075,0.0,-1,0.004248587624327227
156,59,M,2024,452110011.317,452110011.317,0.0,0.0,0.0,0.0,0.0,C,A,20240101,2024,52,699,,,,CHN,China,0,,,H6,HS,True,,,,C00,,0,0,,-1,,False,-1,,False,True,False,4,False,True,79.8213096194797,-2.8824868212292354,90.37742212892489,1.379103718282367,88.89199829101562,106.95018267449532,2.0577728939917295,107.63943481445312,2390.006343296596,23.020601040022683,0.5515179845667978,0.018563966771229647,0.5440160036087036,23493.810340447155,24.30198613328052,77296.5194515306,21.456832400224624,83.67036295301132,0.5804118205430948,85.7865982055664,0,131282.928,503565565.908,482492548.265,345895946.7313333,362468395.21419996,3442.7837288104965,0.0,0.0,452110011.317,1.3070694108716052,0.0,-1,0.004180643437977971
156,99,M,2024,80340401.66,80340401.66,0.0,0.0,0.0,0.0,0.0,C,A,20240101,2024,52,699,,,,CHN,China,0,,,H6,HS,True,,,,C00,,0,0,,-1,,False,-1,,False,False,False,0,False,True,79.8213096194797,-2.8824868212292354,90.37742212892489,1.379103718282367,88.89199829101562,106.95018267449532,2.0577728939917295,107.63943481445312,2390.006343296596,23.020601040022683,0.5515179845667978,0.018563966771229647,0.5440160036087036,23493.810340447155,24.30198613328052,77296.5194515306,21.456832400224624,83.67036295301132,0.5804118205430948,85.7865982055664,0,11016.9,252700311.322,449724485.818,155077972.67533332,255071288.88060004,7291.468994000126,0.0,0.0,80340401.66,0.5180645598727184,0.0,-1,0.003825183098401519
704,88,M,2023,61973193.248,61973193.248,0.0,0.0,0.0,0.0,0.0,C,A,20230101,2023,52,699,,,,VNM,Vietnam,0,,,H6,HS,True,,,,C00,,0,0,,-1,,False,-1,,False,True,False,4,False,True,82.19043816798236,-16.951114245451983,89.1475092961238,1.2207693150284755,91.89700317382812,102.69713451678936,2.243170658669431,105.6975555419922,1942.769197265625,7.927537198518797,0.5874903098894999,0.02633055994255835,0.5919479727745056,18900.59127072704,9.597677547210392,63641.145519770405,10.024905839840814,82.57708666874812,0.6018844042643178,82.302001953125,1,203475.81,10201.303,231808.366,105626.92466666666,143211.3198,303.57278065633454,0.0,0.0,61973193.248,586.7177657928847,0.0,-1,0.0036718557002102248
360,27,M,2021,6324086402.375,6324086402.375,0.0,0.0,0.0,0.0,0.0,C,A,20210101,2021,52,699,,,,IDN,Indonesia,0,,,H5,HS,True,,,,C00,,0,0,,-1,,False,-1,,False,True,False,4,False,True,70.95380932944161,64.67659905367715,87.36627697122508,1.5209992746416792,84.1729965209961,101.71535091473226,1.418415954509494,100.45780181884766,1797.6690455845423,1.381993740208598,0.6729171034020026,0.014482286427544424,0.6460660099983215,16026.760651619205,43.699123357837166,53814.12340270749,41.888341273615936,73.93580224048132,0.9172934809251041,74.43119812011719,0,5102973456.392,6995235584.562,4730827276.0,6421611649.700001,6022108731.6342,0.23929439500678373,0.0,0.0,6324086402.375,0.9848129639964203,0.0,-1,0.003377875015263654
156,72,X,2020,2411983606.351,0.0,2411983606.351,0.0,0.0,0.0,0.0,C,A,20200101,2020,52,699,,,,CHN,China,0,,,H5,HS,True,,,,C00,,0,0,,-1,,False,-1,,False,True,False,4,False,True,43.086758979224406,-32.84549157946846,84.50785661653708,3.548502407291178,89.9540023803711,95.31910740510197,2.4186207367831445,99.96320343017578,1773.164029690588,27.31641696012572,0.6934796790130265,0.020974948014682814,0.7089869976043701,11152.99820703125,-2.4733869614795068,37927.09317739709,-1.1590201568867697,74.22281195371205,1.6159365839212578,73.13400268554688,1,568785080.889,396925875.784,159394094.0,421914173.3403333,329421462.20419997,3.2405887344673605,0.0,0.0,2411983606.351,5.716763642366181,0.0,-1,0.0031946959493570626
682,71,M,2019,295991856.353,295991856.353,0.0,0.0,0.0,0.0,0.0,C,A,20190101,2019,52,699,,,,SAU,Saudi Arabia,0,,,H5,HS,True,,,,C00,,0,0,,-1,,False,-1,,False,True,False,4,False,True,64.1606349188184,-10.598907990679473,78.73804596648819,1.1712149042215123,79.81300354003906,90.01791770613514,2.5288453676700766,93.83525848388672,1392.7222207690043,9.870831461703666,0.645140199477856,0.015215529811722375,0.6542050242424011,11435.85105598418,6.373347684197661,38371.830426607885,8.396028544589917,70.50973287729117,1.0133526749385167,71.31099700927734,0,51092.863,501532175.0,,167224344.00033334,282894860.25025,5792.2133564916885,0.0,0.0,295991856.353,1.7700285094400487,0.0,-1,0.0029672955770776444
276,30,M,2025,10626144.897,10626144.897,0.0,0.0,0.0,0.0,0.0,C,A,20250101,2025,52,699,,,,DEU,Germany,826,,,H6,HS,True,,,,C00,,0,0,,-1,,False,-1,,False,True,False,4,False,True,,,,,,,,,,,,,,,,,,,,,1,4068.07,195935030.378,171834719.138,65313151.838,124993844.649,2611.085066628647,0.0,0.0,10626144.897,0.16269533161340374,0.0,-1,0.0028683725551666983
842,85,X,2022,5396643030.756,0.0,5396643030.756,0.0,0.0,0.0,0.0,C,A,20220101,2022,52,699,,,,USA,USA,0,,,H6,HS,True,,,,C00,,0,0,,-1,,False,-1,,False,True,False,4,False,True,98.96633461272098,39.479945542058225,82.59736524728628,2.224020515218701,88.22100067138672,97.03307958749625,3.3910504371003816,99.90866088867188,1800.0681269064366,0.13345511665714405,0.5993327853771356,0.031975679177647355,0.6217989921569824,17245.430463237146,7.603968375822823,57842.490328881046,7.4857057431337415,78.57705098665677,2.7095097619451263,82.83509826660156,1,3373482100.608,2244702070.896,1276767078.802,2785496781.948,2261020449.5772,0.5997248154313216,0.0,0.0,5396643030.756,1.9374077420336955,0.0,-1,0.00265520635087102
842,27,M,2025,14965095704.155,14965095704.155,0.0,0.0,0.0,0.0,0.0,C,A,20250101,2025,52,699,,,,USA,USA,842,,,H6,HS,True,,,,C00,,0,0,,-1,,False,-1,,False,True,False,4,False,True,,,,,,,,,,,,,,,,,,,,,1,12287567749.72,20684618902.681,6852552664.765,10990730075.418669,11046240753.6886,0.21790544792691094,0.0,0.0,14965095704.155,1.3616107029709705,0.0,-1,0.002412375231452324
344,66,X,2018,172054.739,0.0,172054.739,0.0,0.0,0.0,0.0,C,A,20180101,2018,52,699,,,,HKG,Hong Kong,0,,,H5,HS,True,,,,C00,,0 ,0,,-1,,False,-1,,False,True,False,0,False,True,71.7671713810043,31.13903885725675,80.58883807302891,2.0745990099761857,79.9469985961914,91.28527188940524,2.4727537177418255,88.85800170898438,1267.5996005859374,0.7873427620123996,0.6182982759457438,0.021666730250215326,0.6332399845123291,10750.673270089286,12.094561994746122,35399.664491234755,14.455219001779662,68.45175550906595,3.265876416745794,69.92250061035156,0,110.051,1699.0,,2484.0170000000003,2484.0170000000003,1562.4091375816665,0.0,0.0,172054.739,69.26471880023365,0.0,-1,0.002216460504778417
458,44,M,2015,591673781.0,591673781.0,0.0,0.0,0.0,0.0,0.0,C,A,20150101,2015,52,699,,,,MYS,Malaysia,0,,,H4,HS,True,,,,C00,,0,0,,-1,,False,-1,,False,False,False,0,True,False,53.502261752174014,,71.1216953029121,2.3034035757423967,72.58999633789062,98.0149883401805,3.171270455557014,98.43000030517578,1158.8436502123636,,0.5293063215369009,0.01291713039100009,0.5510900020599365,8283.3866807281,,27349.398301977042,,64.12445996456219,1.6290511382706192,66.45500183105469,0,,,,,,,,,591673781.0,591673781.0,0.0,-1,0.0019349850196989093
528,27,X,2025,10112772710.297,0.0,10112772710.297,0.0,0.0,0.0,0.0,C,A,20250101,2025,52,699,,,,NLD,Netherlands,0,,,H6,HS,True,,,,C00,,0,0,,-1,,False,-1,,False,True,False,4,False,True,,,,,,,,,,,,,,,,,,,,,1,14909134885.982,9455201513.905,1951752981.487,13118667235.146002,9045314120.8134,-0.3217062701736422,0.0,0.0,10112772710.297,0.7708689098541993,0.0,-1,0.001894737358046017
368,27,M,2017,15241505912.548,15241505912.548,0.0,0.0,0.0,0.0,0.0,C,A,20170101,2017,52,699,,,,IRQ,Iraq,0,,,H5,HS,True,,,,C00,,0 ,0,,-1,,False,-1,,False,False,False,0,False,True,54.72601599522321,21.182283221104004,73.3561897573545,2.6296543062887414,76.43199920654297,83.84142619879671,1.8276237573867427,86.08499908447266,1257.6972126143862,0.6394472105734073,0.5797209679618363,0.00845371750427492,0.5670099854469299,9590.717942760837,18.577264367097147,30928.83382686492,17.30011330006549,65.1095932213835,1.2484158816683097,64.06199645996094,0,9899394735.0,,,10569250554.5,10569250554.5,0.5396401821073559,0.0,0.0,15241505912.548,1.4420611786952788,0.0,-1,0.0017987695149117577
276,29,X,2015,563481368.0,0.0,563481368.0,0.0,0.0,0.0,0.0,C,A,20150101,2015,52,699,,,,DEU,Germany,0,,,H4,HS,True,,,,C00,,0,0,,-1,,False,-1,,False,False,False,0,True,False,53.502261752174014,,71.1216953029121,2.3034035757423967,72.58999633789062,98.0149883401805,3.171270455557014,98.43000030517578,1158.8436502123636,,0.5293063215369009,0.01291713039100009,0.5510900020599365,8283.3866807281,,27349.398301977042,,64.12445996456219,1.6290511382706192,66.45500183105469,0,,,,,,,,,563481368.0,563481368.0,0.0,-1,0.0014701284699093486
842,71,X,2018,10494892385.691,0.0,10494892385.691,0.0,0.0,0.0,0.0,C,A,20180101,2018,52,699,,,,USA,USA,0,,,H5,HS,True,,,,C00,,0 ,0,,-1,,False,-1,,False,True,False,0,False,True,71.7671713810043,31.13903885725675,80.58883807302891,2.0745990099761857,79.9469985961914,91.28527188940524,2.4727537177418255,88.85800170898438,1267.5996005859374,0.7873427620123996,0.6182982759457438,0.021666730250215326,0.6332399845123291,10750.673270089286,12.094561994746122,35399.664491234755,14.455219001779662,68.45175550906595,3.265876416745794,69.92250061035156,0,9560130855.863,8161112935.0,,9215574940.954332,9215574940.954332,0.09777706434370949,0.0,0.0,10494892385.691,1.1388212295959244,0.0,-1,0.0008362135504665913
826,47,X,2021,19083.276,0.0,19083.276,0.0,0.0,0.0,0.0,C,A,20210101,2021,52,699,,,,GBR,United Kingdom,0,,,H5,HS,True,,,,C00,,0,0,,-1,,False,-1,,False,False,False,0,False,True,70.95380932944161,64.67659905367715,87.36627697122508,1.5209992746416792,84.1729965209961,101.71535091473226,1.418415954509494,100.45780181884766,1797.6690455845423,1.381993740208598,0.6729171034020026,0.014482286427544424,0.6460660099983215,16026.760651619205,43.699123357837166,53814.12340270749,41.888341273615936,73.93580224048132,0.9172934809251041,74.43119812011719,0,37.511,12.0,,1258.5036666666667,1258.5036666666667,507.7381301484898,0.0,0.0,19083.276,15.163464760134456,0.0,-1,0.0006608433885483267
156,25,X,2015,565923776.0,0.0,565923776.0,0.0,0.0,0.0,0.0,C,A,20150101,2015,52,699,,,,CHN,China,0,,,H4,HS,True,,,,C00,,0,0,,-1,,False,-1,,False,False,False,0,True,False,53.502261752174014,,71.1216953029121,2.3034035757423967,72.58999633789062,98.0149883401805,3.171270455557014,98.43000030517578,1158.8436502123636,,0.5293063215369009,0.01291713039100009,0.5510900020599365,8283.3866807281,,27349.398301977042,,64.12445996456219,1.6290511382706192,66.45500183105469,0,,,,,,,,,565923776.0,565923776.0,0.0,-1,0.0005840615317778131
842,13,X,2015,569830268.0,0.0,569830268.0,0.0,0.0,0.0,0.0,C,A,20150101,2015,52,699,,,,USA,USA,0,,,H4,HS,True,,,,C00,,0,0,,-1,,False,-1,,False,False,False,0,True,False,53.502261752174014,,71.1216953029121,2.3034035757423967,72.58999633789062,98.0149883401805,3.171270455557014,98.43000030517578,1158.8436502123636,,0.5293063215369009,0.01291713039100009,0.5510900020599365,8283.3866807281,,27349.398301977042,,64.12445996456219,1.6290511382706192,66.45500183105469,0,,,,,,,,,569830268.0,569830268.0,0.0,-1,0.0005840615317778131
842,39,X,2015,568729911.0,0.0,568729911.0,0.0,0.0,0.0,0.0,C,A,20150101,2015,52,699,,,,USA,USA,0,,,H4,HS,True,,,,C00,,0,0,,-1,,False,-1,,False,False,False,0,True,False,53.502261752174014,,71.1216953029121,2.3034035757423967,72.58999633789062,98.0149883401805,3.171270455557014,98.43000030517578,1158.8436502123636,,0.5293063215369009,0.01291713039100009,0.5510900020599365,8283.3866807281,,27349.398301977042,,64.12445996456219,1.6290511382706192,66.45500183105469,0,,,,,,,,,568729911.0,568729911.0,0.0,-1,0.0005840615317778131
36,27,M,2018,10299408857.069,10299408857.069,0.0,0.0,0.0,0.0,0.0,C,A,20180101,2018,52,699,,,,AUS,Australia,0,,,H5,HS,True,,,,C00,,0 ,0,,-1,,False,-1,,False,True,False,0,False,True,71.7671713810043,31.13903885725675,80.58883807302891,2.0745990099761857,79.9469985961914,91.28527188940524,2.4727537177418255,88.85800170898438,1267.5996005859374,0.7873427620123996,0.6182982759457438,0.021666730250215326,0.6332399845123291,10750.673270089286,12.094561994746122,35399.664491234755,14.455219001779662,68.45175550906595,3.265876416745794,69.92250061035156,0,9040530219.06,5389049401.0,,6589665182.686666,6589665182.686666,0.1392483192362908,0.0,0.0,10299408857.069,1.5629639096276269,0.0,-1,0.00047797359596346567
156,69,M,2015,558511526.0,558511526.0,0.0,0.0,0.0,0.0,0.0,C,A,20150101,2015,52,699,,,,CHN,China,0,,,H4,HS,True,,,,C00,,0,0,,-1,,False,-1,,False,False,False,0,True,False,53.502261752174014,,71.1216953029121,2.3034035757423967,72.58999633789062,98.0149883401805,3.171270455557014,98.43000030517578,1158.8436502123636,,0.5293063215369009,0.01291713039100009,0.5510900020599365,8283.3866807281,,27349.398301977042,,64.12445996456219,1.6290511382706192,66.45500183105469,0,,,,,,,,,558511526.0,558511526.0,0.0,-1,0.0003955602653816781
392,90,M,2015,557215854.0,557215854.0,0.0,0.0,0.0,0.0,0.0,C,A,20150101,2015,52,699,,,,JPN,Japan,0,,,H4,HS,True,,,,C00,,0,0,,-1,,False,-1,,False,False,False,0,True,False,53.502261752174014,,71.1216953029121,2.3034035757423967,72.58999633789062,98.0149883401805,3.171270455557014,98.43000030517578,1158.8436502123636,,0.5293063215369009,0.01291713039100009,0.5510900020599365,8283.3866807281,,27349.398301977042,,64.12445996456219,1.6290511382706192,66.45500183105469,0,,,,,,,,,557215854.0,557215854.0,0.0,-1,0.0003955602653816781
682,27,M,2017,16806771509.701,16806771509.701,0.0,0.0,0.0,0.0,0.0,C,A,20170101,2017,52,699,,,,SAU,Saudi Arabia,0,,,H5,HS,True,,,,C00,,0 ,0,,-1,,False,-1,,False,False,False,0,False,True,54.72601599522321,21.182283221104004,73.3561897573545,2.6296543062887414,76.43199920654297,83.84142619879671,1.8276237573867427,86.08499908447266,1257.6972126143862,0.6394472105734073,0.5797209679618363,0.00845371750427492,0.5670099854469299,9590.717942760837,18.577264367097147,30928.83382686492,17.30011330006549,65.1095932213835,1.2484158816683097,64.06199645996094,0,13922644970.0,,,15135212161.5,15135212161.5,0.207153636820849,0.0,0.0,16806771509.701,1.1104417520127672,0.0,-1,0.00035356443417000616
842,89,M,2025,113878.735,113878.735,0.0,0.0,0.0,0.0,0.0,C,A,20250101,2025,52,699,,,,USA,USA,826,,,H6,HS,True,,,,C00,,0,0,,-1,,False,-1,,False,False,False,0,False,True,,,,,,,,,,,,,,,,,,,,,1,50.138,67982591.774,281037928.846,27950667.559333336,83731407.974,2270.3058957277913,0.0,0.0,113878.735,0.004074276035027057,0.0,-1,0.00030825048154337065
